Customer_ID,risk_label_encoded
CUS_0x1000,4
CUS_0x1011,2
CUS_0x102d,3
CUS_0x1032,2
CUS_0x1038,0
CUS_0x1041,4
CUS_0x104a,0
CUS_0x104f,1
CUS_0x1051,0
CUS_0x105b,0
CUS_0x107c,1
CUS_0x1087,0
CUS_0x108a,1
CUS_0x1096,2
CUS_0x109b,0
CUS_0x109d,1
CUS_0x109f,3
CUS_0x10aa,0
CUS_0x10b3,3
CUS_0x10b6,2
CUS_0x10bb,0
CUS_0x10c5,3
CUS_0x10d7,1
CUS_0x10dd,0
CUS_0x10e7,1
CUS_0x1100,1
CUS_0x1108,0
CUS_0x1109,2
CUS_0x111b,0
CUS_0x1123,1
CUS_0x1132,1
CUS_0x1135,3
CUS_0x1139,2
CUS_0x1144,0
CUS_0x114b,0
CUS_0x1151,4
CUS_0x1155,3
CUS_0x115c,1
CUS_0x117d,0
CUS_0x1184,0
CUS_0x1185,1
CUS_0x1192,2
CUS_0x1193,2
CUS_0x119e,2
CUS_0x11ac,2
CUS_0x11ae,4
CUS_0x11b1,2
CUS_0x11b7,0
CUS_0x11c1,2
CUS_0x11c6,0
CUS_0x11c7,0
CUS_0x11e2,0
CUS_0x11ec,1
CUS_0x11fc,0
CUS_0x1216,1
CUS_0x122c,2
CUS_0x1233,0
CUS_0x123d,4
CUS_0x1246,0
CUS_0x124a,0
CUS_0x1250,1
CUS_0x1277,1
CUS_0x1286,2
CUS_0x1288,4
CUS_0x12a4,1
CUS_0x12c1,3
CUS_0x12cb,1
CUS_0x12cc,1
CUS_0x12dd,0
CUS_0x12ef,0
CUS_0x12fb,2
CUS_0x12fc,3
CUS_0x1319,0
CUS_0x1325,1
CUS_0x1343,3
CUS_0x136c,3
CUS_0x1370,4
CUS_0x1375,1
CUS_0x1378,1
CUS_0x1382,2
CUS_0x138b,1
CUS_0x138d,3
CUS_0x138e,3
CUS_0x13a8,3
CUS_0x13a9,3
CUS_0x13bc,2
CUS_0x13ce,0
CUS_0x13d6,3
CUS_0x13e7,1
CUS_0x13f8,0
CUS_0x13fb,1
CUS_0x140e,0
CUS_0x1416,2
CUS_0x141c,2
CUS_0x1436,3
CUS_0x143c,0
CUS_0x1440,4
CUS_0x1441,0
CUS_0x1443,0
CUS_0x1458,2
CUS_0x1471,2
CUS_0x148e,2
CUS_0x1498,1
CUS_0x149e,0
CUS_0x14a3,0
CUS_0x14b3,2
CUS_0x14b4,0
CUS_0x14ba,1
CUS_0x14ce,1
CUS_0x14d3,0
CUS_0x14d5,0
CUS_0x14f1,1
CUS_0x14ff,1
CUS_0x150b,1
CUS_0x150d,1
CUS_0x1521,0
CUS_0x1534,2
CUS_0x1550,2
CUS_0x1563,0
CUS_0x1567,1
CUS_0x1572,2
CUS_0x157a,1
CUS_0x15a3,0
CUS_0x15a4,0
CUS_0x15a9,1
CUS_0x15b9,1
CUS_0x15cc,4
CUS_0x15d5,1
CUS_0x15dd,2
CUS_0x15f7,1
CUS_0x15f8,0
CUS_0x1612,0
CUS_0x1619,2
CUS_0x1628,1
CUS_0x1630,0
CUS_0x1640,2
CUS_0x164f,4
CUS_0x1661,1
CUS_0x1663,0
CUS_0x1666,2
CUS_0x166c,1
CUS_0x1673,1
CUS_0x1676,3
CUS_0x167a,0
CUS_0x1695,2
CUS_0x1697,1
CUS_0x1698,4
CUS_0x1699,1
CUS_0x169c,0
CUS_0x16a4,4
CUS_0x16a5,2
CUS_0x16a6,1
CUS_0x16b6,3
CUS_0x16d0,1
CUS_0x16d4,3
CUS_0x16d5,1
CUS_0x16d9,2
CUS_0x16ee,3
CUS_0x16f5,3
CUS_0x1705,0
CUS_0x172d,1
CUS_0x1733,1
CUS_0x1735,0
CUS_0x1748,3
CUS_0x1755,1
CUS_0x1764,1
CUS_0x1765,2
CUS_0x1773,0
CUS_0x1786,2
CUS_0x178b,3
CUS_0x17b0,2
CUS_0x17b5,3
CUS_0x17c4,4
CUS_0x17c7,2
CUS_0x17d1,2
CUS_0x17d3,0
CUS_0x17e3,4
CUS_0x17e5,1
CUS_0x17e8,3
CUS_0x17ec,2
CUS_0x17fb,0
CUS_0x17ff,2
CUS_0x1806,2
CUS_0x180a,0
CUS_0x180f,2
CUS_0x1820,2
CUS_0x182d,4
CUS_0x1837,1
CUS_0x183d,4
CUS_0x1864,3
CUS_0x1869,0
CUS_0x1871,2
CUS_0x1881,4
CUS_0x1894,2
CUS_0x1899,1
CUS_0x18be,4
CUS_0x18c6,2
CUS_0x18c9,0
CUS_0x18cb,2
CUS_0x18d8,2
CUS_0x18e8,4
CUS_0x18ea,0
CUS_0x18fa,0
CUS_0x18fd,0
CUS_0x1911,0
CUS_0x1920,1
CUS_0x1924,0
CUS_0x1929,0
CUS_0x192f,2
CUS_0x1931,4
CUS_0x1934,4
CUS_0x193e,2
CUS_0x1947,3
CUS_0x1948,1
CUS_0x194b,3
CUS_0x1960,2
CUS_0x1972,2
CUS_0x198e,4
CUS_0x1993,3
CUS_0x1999,2
CUS_0x199b,1
CUS_0x19b2,1
CUS_0x19c1,1
CUS_0x19d1,4
CUS_0x19e1,3
CUS_0x19fc,4
CUS_0x1a16,1
CUS_0x1a23,0
CUS_0x1a2a,2
CUS_0x1a33,4
CUS_0x1a3a,2
CUS_0x1a3b,2
CUS_0x1a59,0
CUS_0x1a71,4
CUS_0x1aa0,2
CUS_0x1aa4,0
CUS_0x1ab7,2
CUS_0x1ab9,0
CUS_0x1abc,2
CUS_0x1aeb,0
CUS_0x1b00,0
CUS_0x1b0b,4
CUS_0x1b1a,2
CUS_0x1b42,3
CUS_0x1b88,0
CUS_0x1b97,2
CUS_0x1ba2,0
CUS_0x1bb0,2
CUS_0x1bb6,1
CUS_0x1bbf,4
CUS_0x1bc4,2
CUS_0x1bde,3
CUS_0x1bdf,1
CUS_0x1be0,0
CUS_0x1be1,1
CUS_0x1be2,2
CUS_0x1bef,3
CUS_0x1bfd,1
CUS_0x1c0c,0
CUS_0x1c26,3
CUS_0x1c31,1
CUS_0x1c39,0
CUS_0x1c3a,0
CUS_0x1c40,2
CUS_0x1c57,0
CUS_0x1c58,0
CUS_0x1c59,0
CUS_0x1c5d,1
CUS_0x1c61,0
CUS_0x1c65,0
CUS_0x1c71,1
CUS_0x1c76,2
CUS_0x1c78,4
CUS_0x1c79,2
CUS_0x1c89,4
CUS_0x1c98,1
CUS_0x1ca5,0
CUS_0x1cab,4
CUS_0x1cb0,3
CUS_0x1cb8,0
CUS_0x1cbd,2
CUS_0x1cce,4
CUS_0x1cd1,1
CUS_0x1cdb,2
CUS_0x1cfd,2
CUS_0x1d1b,3
CUS_0x1d1c,1
CUS_0x1d28,4
CUS_0x1d2c,0
CUS_0x1d33,4
CUS_0x1d3d,3
CUS_0x1d4e,2
CUS_0x1d56,1
CUS_0x1d63,1
CUS_0x1d7a,4
CUS_0x1d85,1
CUS_0x1d86,1
CUS_0x1dac,1
CUS_0x1dad,2
CUS_0x1db0,1
CUS_0x1dcf,0
CUS_0x1de3,4
CUS_0x1de9,0
CUS_0x1deb,0
CUS_0x1df1,0
CUS_0x1e06,2
CUS_0x1e0f,0
CUS_0x1e45,3
CUS_0x1e48,2
CUS_0x1e52,1
CUS_0x1e62,0
CUS_0x1e72,2
CUS_0x1e8c,2
CUS_0x1e8e,2
CUS_0x1e96,4
CUS_0x1e98,0
CUS_0x1eb6,1
CUS_0x1ebc,3
CUS_0x1ebf,0
CUS_0x1edd,4
CUS_0x1eee,0
CUS_0x1ef5,1
CUS_0x1ef9,3
CUS_0x1eff,2
CUS_0x1f04,2
CUS_0x1f15,1
CUS_0x1f2e,1
CUS_0x1f33,2
CUS_0x1f42,1
CUS_0x1f4f,0
CUS_0x1f61,1
CUS_0x1f66,0
CUS_0x1f74,0
CUS_0x1f88,1
CUS_0x1fbd,3
CUS_0x1fcd,2
CUS_0x1fd1,4
CUS_0x1fe3,1
CUS_0x1ff7,1
CUS_0x1ffc,2
CUS_0x2002,0
CUS_0x2004,3
CUS_0x2009,3
CUS_0x202e,1
CUS_0x2037,0
CUS_0x203c,1
CUS_0x2064,0
CUS_0x206b,1
CUS_0x2095,2
CUS_0x20a6,1
CUS_0x20b5,0
CUS_0x20b8,0
CUS_0x20ba,4
CUS_0x20dc,0
CUS_0x20e0,1
CUS_0x20e5,3
CUS_0x20f1,4
CUS_0x20fa,2
CUS_0x210d,1
CUS_0x211a,1
CUS_0x211c,2
CUS_0x2126,1
CUS_0x2127,3
CUS_0x2142,0
CUS_0x214c,1
CUS_0x2159,3
CUS_0x2168,0
CUS_0x216a,1
CUS_0x2181,0
CUS_0x218e,4
CUS_0x2194,4
CUS_0x21a1,4
CUS_0x21ac,1
CUS_0x21b7,1
CUS_0x21c0,0
CUS_0x21ce,0
CUS_0x21dc,3
CUS_0x21e9,1
CUS_0x21f4,0
CUS_0x21f7,3
CUS_0x21fa,1
CUS_0x2206,0
CUS_0x2208,2
CUS_0x2212,4
CUS_0x221f,4
CUS_0x2242,2
CUS_0x224f,0
CUS_0x2258,0
CUS_0x225a,2
CUS_0x225e,2
CUS_0x2267,1
CUS_0x226a,2
CUS_0x2270,4
CUS_0x2288,3
CUS_0x2293,2
CUS_0x2297,1
CUS_0x22a3,0
CUS_0x22c5,0
CUS_0x22d4,1
CUS_0x22e0,1
CUS_0x22e3,1
CUS_0x22e5,0
CUS_0x22ea,0
CUS_0x22f4,1
CUS_0x2301,2
CUS_0x2308,4
CUS_0x230a,0
CUS_0x230c,4
CUS_0x2314,2
CUS_0x231b,1
CUS_0x233a,1
CUS_0x2358,1
CUS_0x2363,0
CUS_0x2366,4
CUS_0x2375,0
CUS_0x2390,4
CUS_0x239e,4
CUS_0x23a5,2
CUS_0x23a6,2
CUS_0x23a8,2
CUS_0x23ae,1
CUS_0x23b2,2
CUS_0x23b5,4
CUS_0x23c8,0
CUS_0x23d6,3
CUS_0x23dd,2
CUS_0x23e9,0
CUS_0x23ff,0
CUS_0x240c,4
CUS_0x240d,0
CUS_0x2413,1
CUS_0x2418,0
CUS_0x2425,0
CUS_0x243e,1
CUS_0x2444,0
CUS_0x2449,0
CUS_0x245e,1
CUS_0x246a,1
CUS_0x2472,3
CUS_0x2479,1
CUS_0x247e,3
CUS_0x2483,1
CUS_0x2484,1
CUS_0x2491,1
CUS_0x2499,0
CUS_0x24a8,2
CUS_0x24cc,0
CUS_0x24d7,1
CUS_0x24df,0
CUS_0x24e4,0
CUS_0x24e7,0
CUS_0x24e9,3
CUS_0x24ee,4
CUS_0x250b,0
CUS_0x2516,0
CUS_0x253a,4
CUS_0x2551,0
CUS_0x2552,1
CUS_0x255d,4
CUS_0x2561,4
CUS_0x2562,3
CUS_0x2579,0
CUS_0x2584,2
CUS_0x2590,1
CUS_0x2596,1
CUS_0x2598,3
CUS_0x259a,2
CUS_0x25ac,4
CUS_0x25b0,1
CUS_0x25cd,1
CUS_0x25ce,0
CUS_0x25d8,3
CUS_0x25e3,4
CUS_0x25ea,1
CUS_0x25ed,2
CUS_0x25f6,4
CUS_0x25fd,0
CUS_0x2602,1
CUS_0x260b,1
CUS_0x2637,1
CUS_0x2646,1
CUS_0x264b,3
CUS_0x264c,2
CUS_0x2652,0
CUS_0x265a,2
CUS_0x2683,1
CUS_0x268d,2
CUS_0x269c,2
CUS_0x269f,3
CUS_0x26a1,2
CUS_0x26a9,1
CUS_0x26b0,1
CUS_0x26bf,3
CUS_0x26c6,1
CUS_0x26d2,3
CUS_0x26e3,2
CUS_0x26ea,2
CUS_0x26eb,2
CUS_0x26f8,2
CUS_0x26fd,3
CUS_0x2703,4
CUS_0x2714,1
CUS_0x2717,0
CUS_0x271b,3
CUS_0x2728,1
CUS_0x272a,1
CUS_0x272c,1
CUS_0x2734,4
CUS_0x273e,2
CUS_0x2747,4
CUS_0x275c,4
CUS_0x275e,0
CUS_0x277a,4
CUS_0x277e,3
CUS_0x278b,3
CUS_0x278f,1
CUS_0x2794,1
CUS_0x279f,0
CUS_0x27ae,3
CUS_0x27c2,0
CUS_0x27e8,1
CUS_0x27fb,0
CUS_0x2800,1
CUS_0x2808,0
CUS_0x2811,0
CUS_0x2813,2
CUS_0x281d,3
CUS_0x2823,3
CUS_0x2824,4
CUS_0x2827,3
CUS_0x282a,1
CUS_0x2847,0
CUS_0x284f,4
CUS_0x2858,0
CUS_0x2869,3
CUS_0x286a,1
CUS_0x286f,0
CUS_0x2876,2
CUS_0x2877,1
CUS_0x287f,0
CUS_0x289b,1
CUS_0x28a4,0
CUS_0x28b3,4
CUS_0x28ba,0
CUS_0x28d0,0
CUS_0x28e3,0
CUS_0x28f5,3
CUS_0x290d,2
CUS_0x2916,0
CUS_0x292b,3
CUS_0x294b,4
CUS_0x2950,3
CUS_0x2951,4
CUS_0x2954,2
CUS_0x2959,1
CUS_0x296f,3
CUS_0x2976,2
CUS_0x2982,2
CUS_0x2984,2
CUS_0x2993,4
CUS_0x2997,2
CUS_0x29ab,1
CUS_0x29ac,3
CUS_0x29ae,3
CUS_0x29b1,1
CUS_0x29b2,4
CUS_0x29b4,1
CUS_0x29b5,3
CUS_0x29bf,2
CUS_0x29d2,0
CUS_0x29e0,2
CUS_0x29e7,1
CUS_0x29f9,4
CUS_0x29fa,2
CUS_0x29fd,4
CUS_0x2a03,3
CUS_0x2a05,1
CUS_0x2a06,4
CUS_0x2a11,3
CUS_0x2a15,2
CUS_0x2a1b,0
CUS_0x2a25,4
CUS_0x2a3a,4
CUS_0x2a47,0
CUS_0x2a61,1
CUS_0x2a64,1
CUS_0x2a70,1
CUS_0x2a75,0
CUS_0x2a85,4
CUS_0x2a8c,4
CUS_0x2a8e,0
CUS_0x2a8f,4
CUS_0x2a9a,3
CUS_0x2aac,1
CUS_0x2abd,0
CUS_0x2ac3,0
CUS_0x2ac8,2
CUS_0x2acc,3
CUS_0x2af3,1
CUS_0x2aff,4
CUS_0x2b09,1
CUS_0x2b17,0
CUS_0x2b1a,0
CUS_0x2b2c,0
CUS_0x2b39,0
CUS_0x2b3c,0
CUS_0x2b4c,0
CUS_0x2b51,2
CUS_0x2b54,2
CUS_0x2b60,4
CUS_0x2b6a,2
CUS_0x2b7a,2
CUS_0x2b7e,1
CUS_0x2b83,0
CUS_0x2b84,2
CUS_0x2b94,2
CUS_0x2b99,3
CUS_0x2b9e,1
CUS_0x2b9f,0
CUS_0x2ba1,2
CUS_0x2ba4,1
CUS_0x2bb2,2
CUS_0x2bba,2
CUS_0x2bc0,0
CUS_0x2bc4,1
CUS_0x2bc8,4
CUS_0x2bc9,3
CUS_0x2bcb,0
CUS_0x2bce,1
CUS_0x2bd2,3
CUS_0x2bf6,2
CUS_0x2bfa,2
CUS_0x2c06,0
CUS_0x2c08,2
CUS_0x2c0d,0
CUS_0x2c10,1
CUS_0x2c1c,2
CUS_0x2c31,3
CUS_0x2c3c,4
CUS_0x2c40,2
CUS_0x2c42,0
CUS_0x2c54,2
CUS_0x2c5b,2
CUS_0x2c5e,1
CUS_0x2c60,0
CUS_0x2c87,2
CUS_0x2c8f,1
CUS_0x2c94,2
CUS_0x2c98,2
CUS_0x2cad,2
CUS_0x2cbc,3
CUS_0x2cc2,1
CUS_0x2ccc,2
CUS_0x2cd1,1
CUS_0x2ced,0
CUS_0x2cf4,0
CUS_0x2cfe,3
CUS_0x2d07,1
CUS_0x2d1a,0
CUS_0x2d1c,1
CUS_0x2d38,1
CUS_0x2d76,2
CUS_0x2d7e,3
CUS_0x2d82,0
CUS_0x2d8c,4
CUS_0x2da4,2
CUS_0x2daf,2
CUS_0x2db5,2
CUS_0x2dbc,3
CUS_0x2dbf,0
CUS_0x2dc6,3
CUS_0x2dc9,1
CUS_0x2dca,4
CUS_0x2dd2,3
CUS_0x2ddd,1
CUS_0x2de0,1
CUS_0x2dec,4
CUS_0x2df8,4
CUS_0x2dfd,0
CUS_0x2e10,1
CUS_0x2e1a,1
CUS_0x2e22,1
CUS_0x2e31,1
CUS_0x2e4c,1
CUS_0x2e79,4
CUS_0x2e7f,0
CUS_0x2e8a,2
CUS_0x2e91,2
CUS_0x2e9b,4
CUS_0x2eb0,2
CUS_0x2eb3,1
CUS_0x2eb4,1
CUS_0x2eb7,1
CUS_0x2ebb,0
CUS_0x2ec6,1
CUS_0x2ed7,1
CUS_0x2ee0,2
CUS_0x2ee4,1
CUS_0x2ee6,0
CUS_0x2eff,0
CUS_0x2f11,2
CUS_0x2f21,1
CUS_0x2f24,1
CUS_0x2f29,1
CUS_0x2f49,4
CUS_0x2f7b,1
CUS_0x2f7d,0
CUS_0x2f86,4
CUS_0x2f91,2
CUS_0x2f9d,4
CUS_0x2faa,1
CUS_0x2fb1,0
CUS_0x2fb9,0
CUS_0x2fbe,2
CUS_0x2fc5,1
CUS_0x2fc9,0
CUS_0x2fd7,1
CUS_0x2fe4,3
CUS_0x2fe7,4
CUS_0x2ff7,2
CUS_0x2ffe,1
CUS_0x3009,1
CUS_0x3023,4
CUS_0x3026,1
CUS_0x3040,1
CUS_0x3048,1
CUS_0x3059,4
CUS_0x305c,2
CUS_0x307e,1
CUS_0x308b,1
CUS_0x3091,1
CUS_0x309d,1
CUS_0x30c8,3
CUS_0x30cf,1
CUS_0x30d0,0
CUS_0x30db,2
CUS_0x30e3,1
CUS_0x30ed,1
CUS_0x30f8,3
CUS_0x3105,2
CUS_0x3108,0
CUS_0x310f,0
CUS_0x3117,0
CUS_0x3124,3
CUS_0x3139,1
CUS_0x3155,1
CUS_0x315f,3
CUS_0x316a,1
CUS_0x316e,1
CUS_0x317e,1
CUS_0x3182,3
CUS_0x318c,2
CUS_0x318e,1
CUS_0x3191,0
CUS_0x319c,0
CUS_0x319d,4
CUS_0x31bd,1
CUS_0x31ce,2
CUS_0x31e0,0
CUS_0x31e9,1
CUS_0x320f,0
CUS_0x3214,0
CUS_0x3215,4
CUS_0x3231,2
CUS_0x3240,3
CUS_0x3263,0
CUS_0x3264,2
CUS_0x3279,4
CUS_0x327d,1
CUS_0x328e,1
CUS_0x32ad,4
CUS_0x32b7,2
CUS_0x32d2,2
CUS_0x32d3,1
CUS_0x32e2,1
CUS_0x32e4,3
CUS_0x32e5,0
CUS_0x32ed,0
CUS_0x32fb,0
CUS_0x3325,3
CUS_0x332b,2
CUS_0x3331,1
CUS_0x3336,0
CUS_0x333c,0
CUS_0x3340,3
CUS_0x334d,0
CUS_0x3352,0
CUS_0x3361,1
CUS_0x3374,2
CUS_0x3377,4
CUS_0x337b,1
CUS_0x337f,0
CUS_0x3394,1
CUS_0x33b0,3
CUS_0x33b6,2
CUS_0x33b7,2
CUS_0x33b8,4
CUS_0x33ba,0
CUS_0x33bc,1
CUS_0x33cd,2
CUS_0x33d2,2
CUS_0x33da,2
CUS_0x33f9,1
CUS_0x3401,4
CUS_0x3404,2
CUS_0x340b,1
CUS_0x340e,0
CUS_0x3439,0
CUS_0x3442,2
CUS_0x344a,4
CUS_0x3463,2
CUS_0x346d,2
CUS_0x3474,3
CUS_0x347c,1
CUS_0x347d,1
CUS_0x3482,1
CUS_0x3486,2
CUS_0x3489,0
CUS_0x348a,0
CUS_0x34a3,4
CUS_0x34aa,4
CUS_0x34be,0
CUS_0x34c9,4
CUS_0x34d2,1
CUS_0x34e1,4
CUS_0x34ed,0
CUS_0x34fa,1
CUS_0x350e,3
CUS_0x3513,1
CUS_0x351f,1
CUS_0x3533,2
CUS_0x353a,1
CUS_0x354b,0
CUS_0x3556,0
CUS_0x355c,1
CUS_0x3570,2
CUS_0x3592,2
CUS_0x3597,1
CUS_0x35ac,0
CUS_0x35c3,2
CUS_0x35c8,1
CUS_0x35ca,2
CUS_0x35cb,0
CUS_0x35dd,1
CUS_0x35e4,1
CUS_0x3608,0
CUS_0x360c,2
CUS_0x3615,0
CUS_0x361b,0
CUS_0x3621,1
CUS_0x362a,0
CUS_0x3639,1
CUS_0x363a,1
CUS_0x363d,2
CUS_0x3644,1
CUS_0x3655,3
CUS_0x365b,1
CUS_0x365f,1
CUS_0x3663,0
CUS_0x36a1,0
CUS_0x36a2,1
CUS_0x36b0,0
CUS_0x36b6,1
CUS_0x36c2,2
CUS_0x36c7,0
CUS_0x36d3,0
CUS_0x36d5,1
CUS_0x36e1,1
CUS_0x36eb,4
CUS_0x36ed,1
CUS_0x36ee,2
CUS_0x36f2,2
CUS_0x36f3,2
CUS_0x36f7,4
CUS_0x3702,2
CUS_0x3708,1
CUS_0x3716,3
CUS_0x3720,1
CUS_0x372c,0
CUS_0x372e,4
CUS_0x373e,0
CUS_0x3757,1
CUS_0x375e,1
CUS_0x3761,0
CUS_0x3767,3
CUS_0x376e,2
CUS_0x377b,3
CUS_0x3797,1
CUS_0x37a1,2
CUS_0x37bc,3
CUS_0x37bf,3
CUS_0x37c9,0
CUS_0x37cc,0
CUS_0x37cd,2
CUS_0x37d2,0
CUS_0x37d5,2
CUS_0x37db,1
CUS_0x37de,4
CUS_0x37e5,1
CUS_0x37e6,2
CUS_0x37f4,1
CUS_0x3806,4
CUS_0x380f,1
CUS_0x3813,0
CUS_0x382f,4
CUS_0x383d,0
CUS_0x3846,1
CUS_0x3861,0
CUS_0x386e,4
CUS_0x387b,1
CUS_0x38a4,0
CUS_0x38aa,2
CUS_0x38ad,1
CUS_0x38b6,1
CUS_0x38bc,0
CUS_0x38c0,4
CUS_0x38c2,2
CUS_0x38c4,2
CUS_0x38cc,1
CUS_0x38cf,0
CUS_0x38d8,2
CUS_0x38e6,4
CUS_0x390d,2
CUS_0x3910,0
CUS_0x3912,0
CUS_0x3915,4
CUS_0x391a,0
CUS_0x3925,2
CUS_0x3928,2
CUS_0x3934,4
CUS_0x3937,4
CUS_0x393f,1
CUS_0x3948,2
CUS_0x3949,1
CUS_0x394a,0
CUS_0x3966,1
CUS_0x3969,4
CUS_0x396d,1
CUS_0x3974,4
CUS_0x3998,2
CUS_0x39c5,1
CUS_0x39ce,0
CUS_0x39cf,2
CUS_0x39d3,1
CUS_0x39d7,1
CUS_0x3a0b,3
CUS_0x3a1b,1
CUS_0x3a3b,3
CUS_0x3a3f,2
CUS_0x3a40,0
CUS_0x3a41,3
CUS_0x3a43,3
CUS_0x3a4d,4
CUS_0x3a5b,2
CUS_0x3a69,2
CUS_0x3a71,1
CUS_0x3a85,2
CUS_0x3a86,1
CUS_0x3a9e,2
CUS_0x3aa8,4
CUS_0x3aab,1
CUS_0x3ad0,3
CUS_0x3ade,0
CUS_0x3ae1,1
CUS_0x3afb,3
CUS_0x3b04,1
CUS_0x3b11,1
CUS_0x3b1b,3
CUS_0x3b2a,2
CUS_0x3b36,3
CUS_0x3b4c,2
CUS_0x3b59,2
CUS_0x3b60,1
CUS_0x3b66,0
CUS_0x3b6e,1
CUS_0x3b81,0
CUS_0x3b83,1
CUS_0x3b88,2
CUS_0x3b9d,1
CUS_0x3ba2,2
CUS_0x3baa,0
CUS_0x3bba,0
CUS_0x3bc5,4
CUS_0x3bd0,4
CUS_0x3bde,0
CUS_0x3bf3,3
CUS_0x3c23,1
CUS_0x3c39,4
CUS_0x3c3a,1
CUS_0x3c46,2
CUS_0x3c55,4
CUS_0x3c6a,0
CUS_0x3c7d,3
CUS_0x3c82,0
CUS_0x3c8b,4
CUS_0x3c95,0
CUS_0x3cb1,1
CUS_0x3cd2,3
CUS_0x3ce1,1
CUS_0x3cea,0
CUS_0x3cfe,0
CUS_0x3d09,1
CUS_0x3d0e,0
CUS_0x3d3f,0
CUS_0x3d40,3
CUS_0x3d42,1
CUS_0x3d44,2
CUS_0x3d51,0
CUS_0x3d53,0
CUS_0x3d57,1
CUS_0x3d58,0
CUS_0x3d63,2
CUS_0x3d68,4
CUS_0x3d6e,1
CUS_0x3d71,3
CUS_0x3d76,2
CUS_0x3d79,1
CUS_0x3d82,0
CUS_0x3d99,3
CUS_0x3dd5,4
CUS_0x3de6,2
CUS_0x3df4,2
CUS_0x3dfa,3
CUS_0x3dfc,2
CUS_0x3dfe,2
CUS_0x3e03,2
CUS_0x3e10,1
CUS_0x3e14,3
CUS_0x3e1a,2
CUS_0x3e1f,2
CUS_0x3e2e,1
CUS_0x3e35,0
CUS_0x3e38,0
CUS_0x3e47,2
CUS_0x3e52,2
CUS_0x3e54,0
CUS_0x3e57,4
CUS_0x3e5a,1
CUS_0x3e5d,2
CUS_0x3e65,0
CUS_0x3e76,3
CUS_0x3e7f,3
CUS_0x3e81,3
CUS_0x3e8c,0
CUS_0x3e92,0
CUS_0x3e9a,0
CUS_0x3e9c,2
CUS_0x3ea1,2
CUS_0x3eab,3
CUS_0x3ec0,1
CUS_0x3ed1,0
CUS_0x3ee5,1
CUS_0x3ee7,0
CUS_0x3ef5,4
CUS_0x3efb,1
CUS_0x3f0,2
CUS_0x3f1,2
CUS_0x3f16,2
CUS_0x3f2d,3
CUS_0x3f3,0
CUS_0x3f31,3
CUS_0x3f37,0
CUS_0x3f38,1
CUS_0x3f41,1
CUS_0x3f43,2
CUS_0x3f49,3
CUS_0x3f4a,0
CUS_0x3f5b,2
CUS_0x3f65,2
CUS_0x3f69,1
CUS_0x3f6a,2
CUS_0x3f6b,2
CUS_0x3f7,2
CUS_0x3f71,0
CUS_0x3f82,1
CUS_0x3f85,2
CUS_0x3f87,1
CUS_0x3f89,4
CUS_0x3f8b,1
CUS_0x3f9,1
CUS_0x3f9c,4
CUS_0x3fa8,3
CUS_0x3faa,2
CUS_0x3fb,0
CUS_0x3fb4,2
CUS_0x3fbc,1
CUS_0x3fcb,2
CUS_0x3fce,1
CUS_0x3fd9,0
CUS_0x3fde,2
CUS_0x3fe1,1
CUS_0x3fee,3
CUS_0x3ff8,2
CUS_0x3ff9,1
CUS_0x3ffe,2
CUS_0x4004,2
CUS_0x4017,3
CUS_0x4020,4
CUS_0x4029,4
CUS_0x402d,2
CUS_0x4032,1
CUS_0x4044,1
CUS_0x4046,0
CUS_0x404c,0
CUS_0x404d,4
CUS_0x4052,1
CUS_0x406c,1
CUS_0x406e,0
CUS_0x407c,0
CUS_0x407e,2
CUS_0x4086,2
CUS_0x4096,1
CUS_0x4098,4
CUS_0x40b1,2
CUS_0x40bd,0
CUS_0x40c5,0
CUS_0x40c8,0
CUS_0x40d1,3
CUS_0x40d4,2
CUS_0x40d9,2
CUS_0x40dd,4
CUS_0x40e6,0
CUS_0x40e8,1
CUS_0x40f2,1
CUS_0x40f9,0
CUS_0x40fa,0
CUS_0x40fe,0
CUS_0x4100,1
CUS_0x4122,0
CUS_0x413,0
CUS_0x4143,1
CUS_0x414d,0
CUS_0x415b,0
CUS_0x4170,2
CUS_0x4188,2
CUS_0x4196,2
CUS_0x41b2,3
CUS_0x41b8,4
CUS_0x41c,0
CUS_0x41d3,3
CUS_0x41d4,0
CUS_0x41dc,4
CUS_0x41eb,4
CUS_0x41f0,1
CUS_0x41f2,2
CUS_0x41f3,2
CUS_0x41f5,2
CUS_0x4218,1
CUS_0x4228,3
CUS_0x424c,3
CUS_0x424f,3
CUS_0x425,2
CUS_0x4250,1
CUS_0x4271,4
CUS_0x4285,2
CUS_0x4298,1
CUS_0x42ab,1
CUS_0x42bc,1
CUS_0x42e6,2
CUS_0x42eb,1
CUS_0x42ec,3
CUS_0x4312,0
CUS_0x4314,3
CUS_0x4315,2
CUS_0x4327,3
CUS_0x432a,2
CUS_0x432e,0
CUS_0x4330,2
CUS_0x4333,3
CUS_0x4339,0
CUS_0x4349,2
CUS_0x434d,0
CUS_0x4357,2
CUS_0x435c,1
CUS_0x435d,0
CUS_0x435f,3
CUS_0x4372,4
CUS_0x4379,2
CUS_0x4384,1
CUS_0x4389,2
CUS_0x438a,1
CUS_0x438b,1
CUS_0x43a2,4
CUS_0x43a4,2
CUS_0x43af,2
CUS_0x43b8,1
CUS_0x43c0,1
CUS_0x43c2,3
CUS_0x43e7,2
CUS_0x43f1,0
CUS_0x43fc,3
CUS_0x440,1
CUS_0x4401,0
CUS_0x4403,3
CUS_0x440a,0
CUS_0x442f,4
CUS_0x4437,1
CUS_0x443a,2
CUS_0x4448,1
CUS_0x445,4
CUS_0x4454,1
CUS_0x4459,2
CUS_0x446a,3
CUS_0x446b,2
CUS_0x4479,0
CUS_0x4487,2
CUS_0x4488,0
CUS_0x449,1
CUS_0x4491,0
CUS_0x4496,1
CUS_0x44b4,3
CUS_0x44b8,0
CUS_0x44b9,2
CUS_0x44c8,0
CUS_0x44d5,1
CUS_0x44dc,1
CUS_0x44e0,0
CUS_0x44e8,1
CUS_0x44f0,1
CUS_0x44fa,2
CUS_0x44ff,2
CUS_0x450,1
CUS_0x450b,2
CUS_0x451e,2
CUS_0x4533,2
CUS_0x453a,2
CUS_0x453d,0
CUS_0x4544,0
CUS_0x4562,1
CUS_0x4567,0
CUS_0x456f,0
CUS_0x4577,4
CUS_0x457b,1
CUS_0x457e,0
CUS_0x4588,2
CUS_0x458d,2
CUS_0x458f,0
CUS_0x4590,2
CUS_0x45ab,2
CUS_0x45af,1
CUS_0x45cc,1
CUS_0x45db,2
CUS_0x45df,0
CUS_0x45e1,0
CUS_0x45ef,0
CUS_0x45f7,2
CUS_0x4602,4
CUS_0x4605,0
CUS_0x4628,3
CUS_0x463,0
CUS_0x463e,1
CUS_0x465c,3
CUS_0x4661,1
CUS_0x4669,0
CUS_0x466a,0
CUS_0x466e,0
CUS_0x4672,1
CUS_0x4674,4
CUS_0x467e,0
CUS_0x467f,4
CUS_0x4688,1
CUS_0x4697,1
CUS_0x46a,3
CUS_0x46a2,2
CUS_0x46b1,4
CUS_0x46b5,1
CUS_0x46b6,0
CUS_0x46bf,1
CUS_0x46c,0
CUS_0x46ce,2
CUS_0x46dd,0
CUS_0x46e8,1
CUS_0x470e,1
CUS_0x4711,1
CUS_0x4715,2
CUS_0x4716,1
CUS_0x4718,2
CUS_0x471f,1
CUS_0x472b,1
CUS_0x4734,1
CUS_0x4768,2
CUS_0x476c,0
CUS_0x4771,2
CUS_0x477b,2
CUS_0x477d,1
CUS_0x478,3
CUS_0x4798,2
CUS_0x47af,2
CUS_0x47b,4
CUS_0x47b2,2
CUS_0x47bb,2
CUS_0x47bc,3
CUS_0x47c3,0
CUS_0x47c5,3
CUS_0x47ef,0
CUS_0x480f,0
CUS_0x4813,0
CUS_0x4815,3
CUS_0x481d,0
CUS_0x481f,4
CUS_0x4822,1
CUS_0x4824,2
CUS_0x4838,3
CUS_0x4843,1
CUS_0x4845,3
CUS_0x4863,0
CUS_0x4864,2
CUS_0x486d,1
CUS_0x4889,2
CUS_0x488b,1
CUS_0x489,1
CUS_0x489b,3
CUS_0x489d,0
CUS_0x48a3,0
CUS_0x48a4,3
CUS_0x48a8,1
CUS_0x48aa,4
CUS_0x48ab,0
CUS_0x48ac,4
CUS_0x48c0,0
CUS_0x48cb,4
CUS_0x48cc,2
CUS_0x48d,1
CUS_0x48d2,1
CUS_0x48d4,0
CUS_0x48dc,1
CUS_0x48dd,2
CUS_0x48e1,0
CUS_0x48ef,2
CUS_0x48fd,4
CUS_0x4904,2
CUS_0x4922,0
CUS_0x495e,1
CUS_0x4967,1
CUS_0x4969,3
CUS_0x4976,1
CUS_0x4981,0
CUS_0x4982,0
CUS_0x498a,1
CUS_0x49a9,1
CUS_0x49d5,1
CUS_0x49d9,0
CUS_0x49da,0
CUS_0x49e4,0
CUS_0x49f5,4
CUS_0x49fe,1
CUS_0x49ff,1
CUS_0x4a02,3
CUS_0x4a0a,4
CUS_0x4a0b,3
CUS_0x4a24,0
CUS_0x4a3d,1
CUS_0x4a5,0
CUS_0x4a5b,2
CUS_0x4a6a,1
CUS_0x4a83,0
CUS_0x4a91,0
CUS_0x4a94,1
CUS_0x4a97,0
CUS_0x4a9b,4
CUS_0x4aaa,0
CUS_0x4aba,2
CUS_0x4abb,2
CUS_0x4ac9,0
CUS_0x4acc,3
CUS_0x4ad9,1
CUS_0x4adc,4
CUS_0x4ae9,3
CUS_0x4af1,3
CUS_0x4af2,0
CUS_0x4af4,2
CUS_0x4b09,2
CUS_0x4b12,2
CUS_0x4b17,1
CUS_0x4b18,0
CUS_0x4b19,0
CUS_0x4b42,1
CUS_0x4b5a,2
CUS_0x4b5d,3
CUS_0x4b67,1
CUS_0x4b78,0
CUS_0x4b8,2
CUS_0x4b82,2
CUS_0x4b89,1
CUS_0x4b8b,3
CUS_0x4b91,1
CUS_0x4b9c,1
CUS_0x4ba7,2
CUS_0x4bb4,1
CUS_0x4bc0,1
CUS_0x4bda,3
CUS_0x4be2,1
CUS_0x4be5,1
CUS_0x4bf4,0
CUS_0x4bfb,2
CUS_0x4c13,0
CUS_0x4c1e,2
CUS_0x4c36,2
CUS_0x4c44,1
CUS_0x4c56,2
CUS_0x4c5c,4
CUS_0x4c61,0
CUS_0x4c64,3
CUS_0x4c6c,2
CUS_0x4c75,4
CUS_0x4c76,0
CUS_0x4c7e,4
CUS_0x4c83,0
CUS_0x4c84,1
CUS_0x4c8c,1
CUS_0x4c96,3
CUS_0x4cae,0
CUS_0x4cb4,0
CUS_0x4cb8,0
CUS_0x4cd5,0
CUS_0x4cd8,1
CUS_0x4cef,0
CUS_0x4d0,4
CUS_0x4d01,1
CUS_0x4d05,3
CUS_0x4d1,2
CUS_0x4d12,3
CUS_0x4d19,1
CUS_0x4d2a,1
CUS_0x4d2e,3
CUS_0x4d35,0
CUS_0x4d40,1
CUS_0x4d43,2
CUS_0x4d50,3
CUS_0x4d75,2
CUS_0x4d77,3
CUS_0x4d7e,1
CUS_0x4d90,3
CUS_0x4d92,2
CUS_0x4d94,2
CUS_0x4d98,3
CUS_0x4da6,1
CUS_0x4db5,4
CUS_0x4db9,1
CUS_0x4dc5,4
CUS_0x4dc9,1
CUS_0x4dcd,2
CUS_0x4dd1,0
CUS_0x4dde,0
CUS_0x4de0,3
CUS_0x4de8,2
CUS_0x4deb,1
CUS_0x4dfb,3
CUS_0x4e11,4
CUS_0x4e14,3
CUS_0x4e1f,0
CUS_0x4e22,0
CUS_0x4e3,2
CUS_0x4e30,0
CUS_0x4e38,3
CUS_0x4e3b,1
CUS_0x4e4a,2
CUS_0x4e52,0
CUS_0x4e53,0
CUS_0x4e55,2
CUS_0x4e5c,3
CUS_0x4e5f,0
CUS_0x4e60,1
CUS_0x4e66,3
CUS_0x4e6a,0
CUS_0x4e6e,3
CUS_0x4e73,3
CUS_0x4e7d,2
CUS_0x4e80,0
CUS_0x4e94,0
CUS_0x4e95,3
CUS_0x4e97,3
CUS_0x4ea5,0
CUS_0x4ead,2
CUS_0x4eae,0
CUS_0x4eb6,0
CUS_0x4ebb,1
CUS_0x4eca,2
CUS_0x4ed2,2
CUS_0x4ed5,0
CUS_0x4ee1,1
CUS_0x4eef,0
CUS_0x4f01,1
CUS_0x4f04,0
CUS_0x4f05,1
CUS_0x4f16,2
CUS_0x4f2e,2
CUS_0x4f31,2
CUS_0x4f3b,0
CUS_0x4f41,4
CUS_0x4f51,4
CUS_0x4f73,0
CUS_0x4f88,1
CUS_0x4f8f,4
CUS_0x4f92,4
CUS_0x4fa3,3
CUS_0x4fa6,1
CUS_0x4fac,0
CUS_0x4fc2,0
CUS_0x4fc4,0
CUS_0x4fd2,2
CUS_0x4feb,2
CUS_0x4ffd,0
CUS_0x5000,0
CUS_0x5002,2
CUS_0x5012,1
CUS_0x501c,2
CUS_0x503f,1
CUS_0x5050,2
CUS_0x5055,2
CUS_0x505c,1
CUS_0x507d,2
CUS_0x5082,1
CUS_0x509,0
CUS_0x509e,4
CUS_0x50af,2
CUS_0x50b5,1
CUS_0x50df,1
CUS_0x50e9,2
CUS_0x510f,0
CUS_0x5117,0
CUS_0x5129,2
CUS_0x513,1
CUS_0x5131,3
CUS_0x5146,0
CUS_0x5157,1
CUS_0x515a,1
CUS_0x5162,1
CUS_0x5180,1
CUS_0x5195,4
CUS_0x5198,1
CUS_0x51a1,0
CUS_0x51b2,1
CUS_0x51c,2
CUS_0x51cb,3
CUS_0x51d4,0
CUS_0x51e,0
CUS_0x51e1,0
CUS_0x51e3,3
CUS_0x51e5,1
CUS_0x51e6,2
CUS_0x51e7,1
CUS_0x51eb,2
CUS_0x51f,2
CUS_0x51ff,3
CUS_0x5204,4
CUS_0x5208,1
CUS_0x5215,3
CUS_0x5217,0
CUS_0x5220,1
CUS_0x5234,3
CUS_0x5240,4
CUS_0x524f,2
CUS_0x5268,0
CUS_0x5269,4
CUS_0x5280,2
CUS_0x5284,0
CUS_0x5293,2
CUS_0x529c,3
CUS_0x52b6,1
CUS_0x52b7,4
CUS_0x52bf,3
CUS_0x52c2,3
CUS_0x52c8,1
CUS_0x52cb,3
CUS_0x52d2,2
CUS_0x52d3,2
CUS_0x52dd,0
CUS_0x52e5,2
CUS_0x52f1,1
CUS_0x52fb,1
CUS_0x5300,4
CUS_0x5309,4
CUS_0x530b,0
CUS_0x530c,2
CUS_0x5313,1
CUS_0x531a,2
CUS_0x531b,0
CUS_0x5321,0
CUS_0x533b,2
CUS_0x5353,1
CUS_0x5357,2
CUS_0x535a,0
CUS_0x535d,4
CUS_0x5360,1
CUS_0x5371,1
CUS_0x5375,0
CUS_0x5376,3
CUS_0x5379,0
CUS_0x5392,0
CUS_0x5396,2
CUS_0x53bf,1
CUS_0x53c,2
CUS_0x53cc,0
CUS_0x53eb,0
CUS_0x53f0,4
CUS_0x53f4,4
CUS_0x53f9,0
CUS_0x5407,1
CUS_0x540e,0
CUS_0x5418,3
CUS_0x541a,2
CUS_0x5430,2
CUS_0x543f,1
CUS_0x5446,0
CUS_0x544f,1
CUS_0x5451,3
CUS_0x5470,0
CUS_0x5474,3
CUS_0x5487,0
CUS_0x5488,0
CUS_0x548b,2
CUS_0x54a3,4
CUS_0x54b2,2
CUS_0x54b3,1
CUS_0x54bd,3
CUS_0x54c3,0
CUS_0x54c6,2
CUS_0x5501,1
CUS_0x5502,3
CUS_0x550b,1
CUS_0x5528,4
CUS_0x552f,0
CUS_0x553,1
CUS_0x5572,1
CUS_0x5587,1
CUS_0x55d3,2
CUS_0x55d9,0
CUS_0x55de,2
CUS_0x55e0,4
CUS_0x55e3,2
CUS_0x55e4,1
CUS_0x55e6,2
CUS_0x55eb,4
CUS_0x55f4,2
CUS_0x55fb,1
CUS_0x55fd,4
CUS_0x5602,1
CUS_0x5607,3
CUS_0x562a,3
CUS_0x5634,2
CUS_0x563d,1
CUS_0x5640,1
CUS_0x5647,0
CUS_0x564a,1
CUS_0x566f,1
CUS_0x5682,4
CUS_0x568f,0
CUS_0x56a9,1
CUS_0x56ad,2
CUS_0x56b4,0
CUS_0x56c,2
CUS_0x56c3,1
CUS_0x56c8,2
CUS_0x56cf,2
CUS_0x56d7,1
CUS_0x56e7,1
CUS_0x56f,0
CUS_0x56f1,0
CUS_0x56f6,0
CUS_0x56f9,2
CUS_0x5709,0
CUS_0x5711,4
CUS_0x5718,2
CUS_0x5719,1
CUS_0x5734,0
CUS_0x5737,3
CUS_0x5749,1
CUS_0x574a,0
CUS_0x574d,1
CUS_0x5753,0
CUS_0x575a,2
CUS_0x575e,2
CUS_0x5764,4
CUS_0x576d,1
CUS_0x5781,2
CUS_0x5786,4
CUS_0x5789,2
CUS_0x57c9,2
CUS_0x57ca,0
CUS_0x57da,1
CUS_0x57e,2
CUS_0x57e5,1
CUS_0x57ea,0
CUS_0x57ef,3
CUS_0x580e,0
CUS_0x5810,0
CUS_0x5817,1
CUS_0x582f,0
CUS_0x583b,0
CUS_0x583c,2
CUS_0x5840,3
CUS_0x5848,3
CUS_0x584a,2
CUS_0x585c,2
CUS_0x5872,1
CUS_0x5875,2
CUS_0x5876,4
CUS_0x588e,1
CUS_0x5899,0
CUS_0x589a,2
CUS_0x589c,0
CUS_0x58d6,0
CUS_0x58d7,0
CUS_0x58e3,2
CUS_0x58ed,2
CUS_0x58f,4
CUS_0x58fb,1
CUS_0x5909,2
CUS_0x591b,2
CUS_0x5929,4
CUS_0x592a,1
CUS_0x5933,3
CUS_0x593c,1
CUS_0x5964,1
CUS_0x5978,4
CUS_0x597c,4
CUS_0x5981,1
CUS_0x598d,2
CUS_0x5998,0
CUS_0x5999,2
CUS_0x59ba,3
CUS_0x59c1,1
CUS_0x59c7,1
CUS_0x59cd,1
CUS_0x59d8,4
CUS_0x59dd,2
CUS_0x59e6,2
CUS_0x5a04,1
CUS_0x5a0f,4
CUS_0x5a1a,0
CUS_0x5a1b,0
CUS_0x5a26,4
CUS_0x5a2d,4
CUS_0x5a42,3
CUS_0x5a54,1
CUS_0x5a59,1
CUS_0x5a5e,0
CUS_0x5a67,0
CUS_0x5a6b,2
CUS_0x5a6d,1
CUS_0x5a81,1
CUS_0x5a90,3
CUS_0x5a92,3
CUS_0x5aa1,1
CUS_0x5aa2,1
CUS_0x5aac,0
CUS_0x5ab,0
CUS_0x5ac7,2
CUS_0x5b0a,2
CUS_0x5b0d,4
CUS_0x5b0f,0
CUS_0x5b20,2
CUS_0x5b22,3
CUS_0x5b25,1
CUS_0x5b37,1
CUS_0x5b41,4
CUS_0x5b48,1
CUS_0x5b4e,0
CUS_0x5b6c,1
CUS_0x5b7,4
CUS_0x5b70,0
CUS_0x5b7d,4
CUS_0x5b84,1
CUS_0x5b87,1
CUS_0x5b88,0
CUS_0x5b8c,3
CUS_0x5b90,0
CUS_0x5b9d,0
CUS_0x5ba4,2
CUS_0x5bad,0
CUS_0x5bc7,4
CUS_0x5be7,0
CUS_0x5be9,3
CUS_0x5bec,1
CUS_0x5bf5,0
CUS_0x5bfc,4
CUS_0x5c09,2
CUS_0x5c1c,0
CUS_0x5c1f,3
CUS_0x5c28,0
CUS_0x5c2c,4
CUS_0x5c2f,2
CUS_0x5c3c,2
CUS_0x5c40,1
CUS_0x5c45,2
CUS_0x5c4f,4
CUS_0x5c59,0
CUS_0x5c67,2
CUS_0x5c6d,3
CUS_0x5c72,3
CUS_0x5c75,0
CUS_0x5c7f,2
CUS_0x5c81,1
CUS_0x5cb6,2
CUS_0x5cb8,4
CUS_0x5cc4,1
CUS_0x5cd2,4
CUS_0x5cdf,1
CUS_0x5cf2,2
CUS_0x5d01,0
CUS_0x5d0f,1
CUS_0x5d3f,2
CUS_0x5d42,1
CUS_0x5d43,3
CUS_0x5d50,0
CUS_0x5d51,3
CUS_0x5d6d,0
CUS_0x5d75,0
CUS_0x5d7e,1
CUS_0x5d82,2
CUS_0x5d8b,3
CUS_0x5d95,1
CUS_0x5da2,1
CUS_0x5db0,1
CUS_0x5db1,0
CUS_0x5db2,4
CUS_0x5de6,0
CUS_0x5df5,4
CUS_0x5df7,4
CUS_0x5df9,0
CUS_0x5dfa,1
CUS_0x5e05,0
CUS_0x5e06,0
CUS_0x5e0d,0
CUS_0x5e17,4
CUS_0x5e18,3
CUS_0x5e28,2
CUS_0x5e2d,2
CUS_0x5e34,4
CUS_0x5e3b,1
CUS_0x5e3d,0
CUS_0x5e3f,4
CUS_0x5e40,4
CUS_0x5e53,1
CUS_0x5e56,0
CUS_0x5e61,2
CUS_0x5e70,0
CUS_0x5e99,0
CUS_0x5e9d,2
CUS_0x5ebd,1
CUS_0x5ed2,4
CUS_0x5ed4,0
CUS_0x5edf,2
CUS_0x5ee0,0
CUS_0x5ee1,2
CUS_0x5ee5,0
CUS_0x5ee7,0
CUS_0x5eee,1
CUS_0x5eef,2
CUS_0x5ef3,0
CUS_0x5efc,1
CUS_0x5f05,1
CUS_0x5f10,2
CUS_0x5f15,4
CUS_0x5f25,3
CUS_0x5f37,1
CUS_0x5f45,0
CUS_0x5f61,2
CUS_0x5f66,4
CUS_0x5f6e,4
CUS_0x5f7e,4
CUS_0x5f81,0
CUS_0x5f86,2
CUS_0x5f89,4
CUS_0x5f9,4
CUS_0x5f92,4
CUS_0x5fbf,4
CUS_0x5fc3,2
CUS_0x5fc5,0
CUS_0x5fc9,1
CUS_0x5fcb,0
CUS_0x5fd5,2
CUS_0x5fd8,2
CUS_0x5ff6,4
CUS_0x5ff8,2
CUS_0x5ffa,2
CUS_0x6015,2
CUS_0x6032,4
CUS_0x6034,0
CUS_0x604,1
CUS_0x6044,0
CUS_0x604a,0
CUS_0x6065,3
CUS_0x6068,2
CUS_0x606d,1
CUS_0x6072,1
CUS_0x6077,4
CUS_0x6079,4
CUS_0x6081,3
CUS_0x6083,0
CUS_0x6088,1
CUS_0x60a2,1
CUS_0x60b6,3
CUS_0x60c3,0
CUS_0x60c5,0
CUS_0x60c8,2
CUS_0x60c9,0
CUS_0x60ca,0
CUS_0x60d,2
CUS_0x60d5,2
CUS_0x60d8,3
CUS_0x60f,3
CUS_0x60f5,4
CUS_0x60f9,2
CUS_0x6117,2
CUS_0x6119,4
CUS_0x6120,1
CUS_0x612b,3
CUS_0x612e,0
CUS_0x612f,1
CUS_0x613c,2
CUS_0x6144,1
CUS_0x6156,0
CUS_0x6160,0
CUS_0x6171,3
CUS_0x617b,0
CUS_0x6184,0
CUS_0x6197,1
CUS_0x619d,2
CUS_0x61a7,1
CUS_0x61ab,2
CUS_0x61b7,1
CUS_0x61c6,0
CUS_0x61d1,1
CUS_0x61de,0
CUS_0x61e0,2
CUS_0x61e4,0
CUS_0x61f7,3
CUS_0x61f8,4
CUS_0x61fd,4
CUS_0x61ff,0
CUS_0x6207,0
CUS_0x6235,2
CUS_0x624b,1
CUS_0x624e,3
CUS_0x6257,3
CUS_0x625d,2
CUS_0x6263,0
CUS_0x626a,2
CUS_0x6275,0
CUS_0x627a,3
CUS_0x628,0
CUS_0x6287,2
CUS_0x628d,4
CUS_0x62ad,1
CUS_0x62b7,3
CUS_0x62be,0
CUS_0x62c3,0
CUS_0x62c6,0
CUS_0x62c8,1
CUS_0x62cd,3
CUS_0x62d1,0
CUS_0x62d7,1
CUS_0x62da,4
CUS_0x62e4,3
CUS_0x62f4,1
CUS_0x6318,1
CUS_0x631d,4
CUS_0x632,1
CUS_0x6322,4
CUS_0x632c,3
CUS_0x632f,0
CUS_0x6334,2
CUS_0x6336,1
CUS_0x6341,2
CUS_0x6343,4
CUS_0x6345,1
CUS_0x6359,2
CUS_0x6371,4
CUS_0x637b,1
CUS_0x6387,2
CUS_0x638d,1
CUS_0x6399,1
CUS_0x63c,2
CUS_0x63c1,2
CUS_0x63d8,2
CUS_0x63df,1
CUS_0x63f3,4
CUS_0x63fe,0
CUS_0x6400,0
CUS_0x6407,2
CUS_0x641a,2
CUS_0x643a,1
CUS_0x643b,3
CUS_0x6449,3
CUS_0x645e,1
CUS_0x645f,1
CUS_0x646,3
CUS_0x646d,1
CUS_0x646e,4
CUS_0x6472,0
CUS_0x6478,1
CUS_0x6479,3
CUS_0x649d,2
CUS_0x64a1,3
CUS_0x64a5,1
CUS_0x64b,0
CUS_0x64b4,3
CUS_0x64ce,3
CUS_0x64d9,0
CUS_0x64f1,2
CUS_0x650,2
CUS_0x6503,2
CUS_0x6504,3
CUS_0x6510,2
CUS_0x652f,1
CUS_0x6534,4
CUS_0x6540,0
CUS_0x6570,2
CUS_0x6573,4
CUS_0x6574,1
CUS_0x6579,4
CUS_0x657e,0
CUS_0x657f,1
CUS_0x6587,3
CUS_0x658f,3
CUS_0x659,1
CUS_0x6590,0
CUS_0x659f,2
CUS_0x65ae,2
CUS_0x65bf,3
CUS_0x65c5,3
CUS_0x65ca,3
CUS_0x65cf,3
CUS_0x65d0,2
CUS_0x65d3,1
CUS_0x65d7,1
CUS_0x65d9,1
CUS_0x65df,2
CUS_0x65e4,2
CUS_0x65f0,1
CUS_0x65f6,1
CUS_0x65fe,1
CUS_0x660b,3
CUS_0x660d,2
CUS_0x661b,1
CUS_0x661f,3
CUS_0x6630,1
CUS_0x6649,2
CUS_0x665a,1
CUS_0x665c,4
CUS_0x667a,1
CUS_0x6689,2
CUS_0x669c,0
CUS_0x66a1,1
CUS_0x66a7,1
CUS_0x66bb,0
CUS_0x66c3,1
CUS_0x66c7,0
CUS_0x66d,3
CUS_0x66d6,0
CUS_0x66df,1
CUS_0x66e3,1
CUS_0x66ef,2
CUS_0x66f5,1
CUS_0x6701,2
CUS_0x6719,2
CUS_0x672c,4
CUS_0x6732,3
CUS_0x6749,1
CUS_0x674e,1
CUS_0x6752,1
CUS_0x676b,1
CUS_0x676c,2
CUS_0x677f,1
CUS_0x6781,2
CUS_0x6786,0
CUS_0x6794,3
CUS_0x6799,2
CUS_0x67a9,1
CUS_0x67aa,1
CUS_0x67b0,1
CUS_0x67b1,0
CUS_0x67bc,1
CUS_0x67c4,0
CUS_0x67c7,1
CUS_0x67d0,2
CUS_0x67dc,3
CUS_0x67e1,0
CUS_0x67e2,2
CUS_0x67e3,1
CUS_0x67eb,0
CUS_0x67ec,0
CUS_0x67f0,4
CUS_0x67fd,2
CUS_0x67ff,1
CUS_0x6801,2
CUS_0x6808,4
CUS_0x6821,1
CUS_0x6826,0
CUS_0x6827,4
CUS_0x682b,4
CUS_0x684a,1
CUS_0x6850,0
CUS_0x6853,4
CUS_0x6856,3
CUS_0x6865,0
CUS_0x6877,0
CUS_0x687c,0
CUS_0x6883,0
CUS_0x6891,0
CUS_0x6894,1
CUS_0x6896,2
CUS_0x689b,1
CUS_0x689e,0
CUS_0x68a8,4
CUS_0x68ad,1
CUS_0x68af,2
CUS_0x68b5,2
CUS_0x68cb,1
CUS_0x68cf,4
CUS_0x68d5,3
CUS_0x68e1,1
CUS_0x68ef,2
CUS_0x68f8,0
CUS_0x6902,1
CUS_0x6908,1
CUS_0x691,0
CUS_0x6915,4
CUS_0x691a,2
CUS_0x691c,0
CUS_0x691e,3
CUS_0x6926,2
CUS_0x692c,0
CUS_0x6939,1
CUS_0x6950,2
CUS_0x6956,4
CUS_0x6958,2
CUS_0x695e,3
CUS_0x696,0
CUS_0x6962,2
CUS_0x6963,1
CUS_0x696c,2
CUS_0x6974,0
CUS_0x697a,1
CUS_0x698b,3
CUS_0x699,0
CUS_0x6997,1
CUS_0x69a6,3
CUS_0x69a9,2
CUS_0x69aa,4
CUS_0x69bb,4
CUS_0x69bf,1
CUS_0x69c6,0
CUS_0x69c7,1
CUS_0x69d9,2
CUS_0x69f0,3
CUS_0x69ff,1
CUS_0x6a17,4
CUS_0x6a1b,4
CUS_0x6a1d,4
CUS_0x6a27,2
CUS_0x6a39,2
CUS_0x6a4d,1
CUS_0x6a52,0
CUS_0x6a55,0
CUS_0x6a74,2
CUS_0x6a81,0
CUS_0x6a82,0
CUS_0x6a9,4
CUS_0x6a95,1
CUS_0x6aa4,1
CUS_0x6ab5,0
CUS_0x6abc,0
CUS_0x6aca,2
CUS_0x6acc,2
CUS_0x6acd,1
CUS_0x6ada,0
CUS_0x6ae2,0
CUS_0x6ae4,2
CUS_0x6ae7,0
CUS_0x6afc,0
CUS_0x6b0b,4
CUS_0x6b0c,3
CUS_0x6b10,0
CUS_0x6b13,2
CUS_0x6b1c,4
CUS_0x6b45,4
CUS_0x6b4d,2
CUS_0x6b5f,1
CUS_0x6b6a,1
CUS_0x6b6e,4
CUS_0x6b7,2
CUS_0x6b76,4
CUS_0x6b7c,1
CUS_0x6b7f,0
CUS_0x6b8,2
CUS_0x6b89,1
CUS_0x6b8d,2
CUS_0x6b9,2
CUS_0x6ba,2
CUS_0x6bad,2
CUS_0x6bb5,3
CUS_0x6bbd,0
CUS_0x6bc3,0
CUS_0x6bd8,3
CUS_0x6c00,1
CUS_0x6c12,2
CUS_0x6c17,0
CUS_0x6c23,2
CUS_0x6c24,1
CUS_0x6c2d,1
CUS_0x6c2e,0
CUS_0x6c4c,0
CUS_0x6c52,0
CUS_0x6c58,1
CUS_0x6c5c,3
CUS_0x6c67,1
CUS_0x6c8b,2
CUS_0x6c8e,4
CUS_0x6c90,1
CUS_0x6c99,0
CUS_0x6c9b,1
CUS_0x6ca8,0
CUS_0x6cae,2
CUS_0x6cb3,1
CUS_0x6cc,2
CUS_0x6cc3,4
CUS_0x6cd1,4
CUS_0x6cd2,2
CUS_0x6cd4,2
CUS_0x6cd9,2
CUS_0x6cdd,0
CUS_0x6ce,0
CUS_0x6cec,2
CUS_0x6cf3,4
CUS_0x6cf5,2
CUS_0x6cfa,0
CUS_0x6d05,0
CUS_0x6d1a,2
CUS_0x6d1e,1
CUS_0x6d25,0
CUS_0x6d28,2
CUS_0x6d2c,1
CUS_0x6d41,2
CUS_0x6d4e,2
CUS_0x6d70,1
CUS_0x6d9f,1
CUS_0x6dbb,4
CUS_0x6dc5,2
CUS_0x6dcf,1
CUS_0x6dd3,2
CUS_0x6dec,0
CUS_0x6df7,2
CUS_0x6df9,1
CUS_0x6e0,2
CUS_0x6e06,1
CUS_0x6e0e,3
CUS_0x6e1e,1
CUS_0x6e23,2
CUS_0x6e35,2
CUS_0x6e43,2
CUS_0x6e65,0
CUS_0x6e6c,2
CUS_0x6e6f,1
CUS_0x6e8b,3
CUS_0x6e8d,0
CUS_0x6e95,3
CUS_0x6ea0,4
CUS_0x6ec8,0
CUS_0x6ec9,1
CUS_0x6ecf,2
CUS_0x6ed0,3
CUS_0x6ed8,0
CUS_0x6ee8,0
CUS_0x6ef2,0
CUS_0x6ef6,3
CUS_0x6f00,0
CUS_0x6f0a,4
CUS_0x6f2,0
CUS_0x6f3b,3
CUS_0x6f64,1
CUS_0x6f71,0
CUS_0x6f72,1
CUS_0x6f7d,0
CUS_0x6f91,1
CUS_0x6f92,1
CUS_0x6f93,3
CUS_0x6f95,1
CUS_0x6f9b,2
CUS_0x6f9d,2
CUS_0x6fa,0
CUS_0x6fa1,1
CUS_0x6fa4,1
CUS_0x6fa7,3
CUS_0x6fbc,0
CUS_0x6fe2,1
CUS_0x6fea,0
CUS_0x6fff,0
CUS_0x7011,1
CUS_0x701f,0
CUS_0x7023,3
CUS_0x7032,2
CUS_0x7036,4
CUS_0x704,2
CUS_0x7042,0
CUS_0x7044,2
CUS_0x7045,4
CUS_0x7047,1
CUS_0x7058,0
CUS_0x705e,2
CUS_0x706a,2
CUS_0x706d,2
CUS_0x7081,1
CUS_0x7084,2
CUS_0x7087,2
CUS_0x7088,3
CUS_0x709,1
CUS_0x709d,4
CUS_0x70a0,1
CUS_0x70a3,1
CUS_0x70d6,1
CUS_0x70d8,3
CUS_0x70e,3
CUS_0x70ee,0
CUS_0x70f1,2
CUS_0x70f2,0
CUS_0x70f7,2
CUS_0x710a,1
CUS_0x710b,0
CUS_0x710f,1
CUS_0x7110,3
CUS_0x711e,2
CUS_0x7127,3
CUS_0x7136,3
CUS_0x7148,1
CUS_0x715f,0
CUS_0x717a,3
CUS_0x717d,0
CUS_0x7180,4
CUS_0x7189,2
CUS_0x7198,0
CUS_0x71bc,4
CUS_0x71bf,4
CUS_0x71c1,0
CUS_0x7202,1
CUS_0x7204,1
CUS_0x721,4
CUS_0x7210,1
CUS_0x7225,2
CUS_0x7226,0
CUS_0x7227,2
CUS_0x724a,2
CUS_0x7250,0
CUS_0x7251,3
CUS_0x7258,1
CUS_0x725e,4
CUS_0x728f,0
CUS_0x72a7,0
CUS_0x72b0,0
CUS_0x72b4,4
CUS_0x72b6,1
CUS_0x72bc,1
CUS_0x72f9,0
CUS_0x7303,1
CUS_0x730d,2
CUS_0x7312,0
CUS_0x732d,2
CUS_0x7341,0
CUS_0x7347,1
CUS_0x7350,1
CUS_0x7354,2
CUS_0x735c,1
CUS_0x737a,3
CUS_0x7387,1
CUS_0x73a5,1
CUS_0x73aa,2
CUS_0x73ae,4
CUS_0x73cf,3
CUS_0x73d,2
CUS_0x73d9,0
CUS_0x73e4,0
CUS_0x73e6,2
CUS_0x73ec,2
CUS_0x73f9,2
CUS_0x7403,4
CUS_0x7405,2
CUS_0x741b,2
CUS_0x7429,0
CUS_0x7430,2
CUS_0x7447,2
CUS_0x744f,4
CUS_0x7453,4
CUS_0x746,0
CUS_0x7468,3
CUS_0x746e,0
CUS_0x747a,0
CUS_0x748,1
CUS_0x7494,3
CUS_0x74b2,2
CUS_0x74bf,1
CUS_0x74d5,0
CUS_0x74e8,0
CUS_0x74e9,2
CUS_0x74ef,2
CUS_0x74f7,3
CUS_0x752f,0
CUS_0x753c,4
CUS_0x753f,2
CUS_0x7545,0
CUS_0x7546,1
CUS_0x7547,4
CUS_0x754d,0
CUS_0x7558,0
CUS_0x7561,4
CUS_0x757,2
CUS_0x757d,1
CUS_0x75a4,3
CUS_0x75c4,4
CUS_0x75e,0
CUS_0x75fb,2
CUS_0x7640,2
CUS_0x764f,0
CUS_0x765,2
CUS_0x7656,4
CUS_0x765b,0
CUS_0x7666,0
CUS_0x766b,3
CUS_0x7670,2
CUS_0x7672,3
CUS_0x7677,1
CUS_0x767f,4
CUS_0x7694,4
CUS_0x7698,2
CUS_0x76a6,0
CUS_0x76af,2
CUS_0x76b0,4
CUS_0x76b8,3
CUS_0x76c2,0
CUS_0x76d0,0
CUS_0x76d1,3
CUS_0x76dc,0
CUS_0x76f6,3
CUS_0x76fc,0
CUS_0x7716,4
CUS_0x7720,4
CUS_0x7736,4
CUS_0x7740,4
CUS_0x7745,0
CUS_0x7755,3
CUS_0x7756,3
CUS_0x7768,3
CUS_0x7789,0
CUS_0x778e,1
CUS_0x779,2
CUS_0x77a2,2
CUS_0x77ad,2
CUS_0x77b3,2
CUS_0x77bf,3
CUS_0x77d1,0
CUS_0x77de,2
CUS_0x77f6,4
CUS_0x77f8,3
CUS_0x77fe,3
CUS_0x77ff,4
CUS_0x7801,3
CUS_0x7808,4
CUS_0x780c,1
CUS_0x781a,0
CUS_0x7820,4
CUS_0x7853,1
CUS_0x785f,0
CUS_0x7863,1
CUS_0x7869,2
CUS_0x7874,1
CUS_0x7877,2
CUS_0x7878,2
CUS_0x7879,3
CUS_0x7884,1
CUS_0x788a,2
CUS_0x788b,3
CUS_0x78ab,0
CUS_0x78ca,2
CUS_0x78cd,0
CUS_0x78e0,2
CUS_0x78e8,3
CUS_0x78fe,0
CUS_0x790a,3
CUS_0x795,4
CUS_0x7963,0
CUS_0x7968,3
CUS_0x796a,0
CUS_0x796e,2
CUS_0x797,1
CUS_0x7972,1
CUS_0x7986,4
CUS_0x7992,2
CUS_0x799b,2
CUS_0x79aa,4
CUS_0x79ad,2
CUS_0x79bc,1
CUS_0x79c1,1
CUS_0x79c5,0
CUS_0x79c8,2
CUS_0x79ca,3
CUS_0x79cf,2
CUS_0x79d1,1
CUS_0x79e4,0
CUS_0x7a05,2
CUS_0x7a0a,2
CUS_0x7a11,2
CUS_0x7a12,0
CUS_0x7a1f,3
CUS_0x7a21,1
CUS_0x7a35,2
CUS_0x7a39,2
CUS_0x7a4d,3
CUS_0x7a51,0
CUS_0x7a56,1
CUS_0x7a73,1
CUS_0x7a79,2
CUS_0x7a7f,0
CUS_0x7a84,2
CUS_0x7a96,2
CUS_0x7aa8,4
CUS_0x7aad,0
CUS_0x7ab6,2
CUS_0x7ad8,1
CUS_0x7ae1,1
CUS_0x7ae4,0
CUS_0x7aec,2
CUS_0x7af7,3
CUS_0x7af8,4
CUS_0x7b09,2
CUS_0x7b27,1
CUS_0x7b2c,0
CUS_0x7b2f,2
CUS_0x7b32,1
CUS_0x7b38,0
CUS_0x7b40,1
CUS_0x7b65,4
CUS_0x7b75,1
CUS_0x7b79,2
CUS_0x7b7a,1
CUS_0x7b90,0
CUS_0x7ba0,0
CUS_0x7ba5,2
CUS_0x7ba9,2
CUS_0x7bb2,1
CUS_0x7bb3,2
CUS_0x7bbb,1
CUS_0x7bc5,1
CUS_0x7be,0
CUS_0x7be5,4
CUS_0x7bec,2
CUS_0x7bee,2
CUS_0x7bf,2
CUS_0x7bf0,1
CUS_0x7bf8,2
CUS_0x7c01,2
CUS_0x7c0f,1
CUS_0x7c12,2
CUS_0x7c34,0
CUS_0x7c51,0
CUS_0x7c64,0
CUS_0x7c66,1
CUS_0x7c71,0
CUS_0x7c73,1
CUS_0x7c84,2
CUS_0x7caf,3
CUS_0x7cbf,2
CUS_0x7cc1,2
CUS_0x7cc4,1
CUS_0x7cce,1
CUS_0x7cdc,0
CUS_0x7ce5,3
CUS_0x7cec,1
CUS_0x7cfc,0
CUS_0x7d04,2
CUS_0x7d0b,1
CUS_0x7d1e,2
CUS_0x7d1f,0
CUS_0x7d25,1
CUS_0x7d27,0
CUS_0x7d40,1
CUS_0x7d42,3
CUS_0x7d43,3
CUS_0x7d45,2
CUS_0x7d57,0
CUS_0x7d6,4
CUS_0x7d62,2
CUS_0x7d8,4
CUS_0x7d80,0
CUS_0x7d82,1
CUS_0x7d8a,1
CUS_0x7d8e,0
CUS_0x7d93,0
CUS_0x7d96,4
CUS_0x7dac,0
CUS_0x7db2,3
CUS_0x7db4,0
CUS_0x7dc4,0
CUS_0x7dc5,3
CUS_0x7dc6,0
CUS_0x7dd,2
CUS_0x7dd5,0
CUS_0x7dd7,1
CUS_0x7de1,4
CUS_0x7dee,3
CUS_0x7df0,0
CUS_0x7dfb,1
CUS_0x7dfc,0
CUS_0x7e09,3
CUS_0x7e0e,3
CUS_0x7e2f,3
CUS_0x7e39,2
CUS_0x7e3f,0
CUS_0x7e50,3
CUS_0x7e5b,2
CUS_0x7e5d,4
CUS_0x7e63,0
CUS_0x7e67,2
CUS_0x7e6d,1
CUS_0x7e6f,0
CUS_0x7e70,2
CUS_0x7e76,2
CUS_0x7e84,2
CUS_0x7e8d,1
CUS_0x7eb6,4
CUS_0x7edc,2
CUS_0x7edf,0
CUS_0x7ee,2
CUS_0x7ee3,3
CUS_0x7eed,1
CUS_0x7f0b,1
CUS_0x7f2a,3
CUS_0x7f2c,2
CUS_0x7f32,2
CUS_0x7f3d,1
CUS_0x7f43,1
CUS_0x7f61,1
CUS_0x7f6b,0
CUS_0x7f72,3
CUS_0x7f86,2
CUS_0x7f9c,2
CUS_0x7fa0,2
CUS_0x7fb0,2
CUS_0x7fb3,1
CUS_0x7fc7,0
CUS_0x7fc8,0
CUS_0x7fd1,1
CUS_0x7fd8,2
CUS_0x7fd9,0
CUS_0x7ff3,0
CUS_0x7ff9,4
CUS_0x800,3
CUS_0x8002,0
CUS_0x8006,2
CUS_0x8018,0
CUS_0x801f,2
CUS_0x802,1
CUS_0x8026,1
CUS_0x8029,3
CUS_0x8033,1
CUS_0x8049,0
CUS_0x806c,1
CUS_0x806f,3
CUS_0x8072,0
CUS_0x808,2
CUS_0x8083,0
CUS_0x808d,1
CUS_0x8099,0
CUS_0x80a0,3
CUS_0x80b1,2
CUS_0x80b4,4
CUS_0x80b8,1
CUS_0x80bd,1
CUS_0x80d7,1
CUS_0x80e2,2
CUS_0x80e5,1
CUS_0x80f4,4
CUS_0x80f8,4
CUS_0x80fd,1
CUS_0x8100,4
CUS_0x8110,2
CUS_0x8135,0
CUS_0x8149,1
CUS_0x8167,0
CUS_0x8175,3
CUS_0x8179,2
CUS_0x818c,1
CUS_0x81ac,1
CUS_0x81bb,2
CUS_0x81ca,0
CUS_0x81cd,0
CUS_0x81ce,0
CUS_0x81d6,4
CUS_0x81d7,0
CUS_0x81de,3
CUS_0x81e2,0
CUS_0x81e6,2
CUS_0x81ee,4
CUS_0x81f1,1
CUS_0x81f4,4
CUS_0x81f5,2
CUS_0x81ff,3
CUS_0x8207,1
CUS_0x8208,3
CUS_0x8234,2
CUS_0x824c,2
CUS_0x825e,4
CUS_0x8261,0
CUS_0x826d,2
CUS_0x8275,1
CUS_0x828b,2
CUS_0x829a,3
CUS_0x82b,4
CUS_0x82be,3
CUS_0x82c2,0
CUS_0x82c4,0
CUS_0x82cb,0
CUS_0x82d,4
CUS_0x82db,1
CUS_0x82e5,2
CUS_0x82fa,4
CUS_0x830e,3
CUS_0x8318,1
CUS_0x832f,3
CUS_0x833d,1
CUS_0x8343,3
CUS_0x8363,1
CUS_0x8369,1
CUS_0x837,4
CUS_0x837f,2
CUS_0x8388,2
CUS_0x8391,2
CUS_0x8395,0
CUS_0x8399,1
CUS_0x839e,2
CUS_0x83a0,2
CUS_0x83a1,3
CUS_0x83d7,0
CUS_0x83dc,1
CUS_0x83ea,4
CUS_0x83fe,1
CUS_0x840a,2
CUS_0x840f,0
CUS_0x842e,4
CUS_0x8432,4
CUS_0x843e,3
CUS_0x8447,1
CUS_0x8448,2
CUS_0x844b,0
CUS_0x8464,1
CUS_0x846a,0
CUS_0x846e,0
CUS_0x847b,1
CUS_0x847e,2
CUS_0x8489,1
CUS_0x849d,3
CUS_0x84a6,1
CUS_0x84a8,3
CUS_0x84a9,0
CUS_0x84ae,2
CUS_0x84d0,1
CUS_0x84d1,1
CUS_0x84f5,2
CUS_0x8511,0
CUS_0x8517,1
CUS_0x8519,3
CUS_0x8521,2
CUS_0x8525,4
CUS_0x8526,3
CUS_0x8536,0
CUS_0x853c,0
CUS_0x8546,2
CUS_0x854e,0
CUS_0x8562,4
CUS_0x8564,0
CUS_0x857a,0
CUS_0x857e,2
CUS_0x8588,0
CUS_0x858a,1
CUS_0x858b,2
CUS_0x85b,2
CUS_0x85be,4
CUS_0x85d,1
CUS_0x85fa,4
CUS_0x85fd,0
CUS_0x861c,1
CUS_0x862b,3
CUS_0x864c,0
CUS_0x865c,1
CUS_0x8672,1
CUS_0x867e,1
CUS_0x8681,1
CUS_0x868a,2
CUS_0x869,0
CUS_0x8696,1
CUS_0x8698,2
CUS_0x86b2,0
CUS_0x86be,3
CUS_0x86e,1
CUS_0x86ec,1
CUS_0x86f4,1
CUS_0x86fa,2
CUS_0x8704,0
CUS_0x870e,1
CUS_0x871c,0
CUS_0x8727,2
CUS_0x8747,3
CUS_0x8749,1
CUS_0x8757,1
CUS_0x8773,3
CUS_0x878c,1
CUS_0x8798,0
CUS_0x87a3,1
CUS_0x87ba,1
CUS_0x87c1,0
CUS_0x87c9,1
CUS_0x87d0,2
CUS_0x87d4,2
CUS_0x87e6,0
CUS_0x87ee,0
CUS_0x87f9,0
CUS_0x8800,1
CUS_0x8807,1
CUS_0x880d,0
CUS_0x881c,1
CUS_0x8834,2
CUS_0x883b,0
CUS_0x883e,2
CUS_0x884,4
CUS_0x8854,4
CUS_0x8858,3
CUS_0x887f,3
CUS_0x8892,0
CUS_0x88b6,2
CUS_0x88c,2
CUS_0x88c3,0
CUS_0x88c7,0
CUS_0x88e3,0
CUS_0x88e5,3
CUS_0x88fa,0
CUS_0x88fd,0
CUS_0x890,4
CUS_0x8917,1
CUS_0x8925,2
CUS_0x894f,4
CUS_0x8959,0
CUS_0x895d,2
CUS_0x8962,1
CUS_0x897e,1
CUS_0x8980,0
CUS_0x8985,4
CUS_0x8990,0
CUS_0x8991,3
CUS_0x899d,1
CUS_0x89a9,1
CUS_0x89ab,2
CUS_0x89b2,3
CUS_0x89b4,1
CUS_0x89b9,1
CUS_0x89bd,1
CUS_0x89be,1
CUS_0x89ca,2
CUS_0x89d0,1
CUS_0x89e,0
CUS_0x89ff,2
CUS_0x8a03,0
CUS_0x8a04,1
CUS_0x8a0d,3
CUS_0x8a2b,2
CUS_0x8a31,3
CUS_0x8a38,0
CUS_0x8a3c,0
CUS_0x8a44,3
CUS_0x8a47,0
CUS_0x8a5,0
CUS_0x8a62,0
CUS_0x8a64,0
CUS_0x8a78,0
CUS_0x8a84,0
CUS_0x8a8b,2
CUS_0x8a8c,4
CUS_0x8abb,2
CUS_0x8ac0,0
CUS_0x8ac7,1
CUS_0x8acd,2
CUS_0x8acf,3
CUS_0x8ad9,1
CUS_0x8af1,3
CUS_0x8afa,1
CUS_0x8aff,0
CUS_0x8b0c,4
CUS_0x8b1,0
CUS_0x8b29,0
CUS_0x8b44,4
CUS_0x8b4f,3
CUS_0x8b5b,2
CUS_0x8b5f,3
CUS_0x8b6d,0
CUS_0x8b74,0
CUS_0x8b78,3
CUS_0x8b7a,4
CUS_0x8b85,0
CUS_0x8b8e,2
CUS_0x8b90,2
CUS_0x8b91,1
CUS_0x8ba3,0
CUS_0x8bb5,0
CUS_0x8bba,1
CUS_0x8bcd,2
CUS_0x8bd2,2
CUS_0x8bda,2
CUS_0x8bdd,0
CUS_0x8bde,0
CUS_0x8bdf,2
CUS_0x8be2,4
CUS_0x8bf3,1
CUS_0x8bf5,0
CUS_0x8c03,2
CUS_0x8c1,3
CUS_0x8c11,0
CUS_0x8c1d,0
CUS_0x8c1f,1
CUS_0x8c2d,2
CUS_0x8c44,0
CUS_0x8c47,3
CUS_0x8c6d,3
CUS_0x8c6f,4
CUS_0x8c79,1
CUS_0x8c8a,0
CUS_0x8ca,1
CUS_0x8cb5,0
CUS_0x8cc5,3
CUS_0x8cc9,1
CUS_0x8cd2,3
CUS_0x8cdb,3
CUS_0x8ce,1
CUS_0x8ce4,0
CUS_0x8cf2,0
CUS_0x8cf6,0
CUS_0x8cff,4
CUS_0x8d0f,2
CUS_0x8d12,0
CUS_0x8d16,2
CUS_0x8d21,4
CUS_0x8d2b,0
CUS_0x8d32,1
CUS_0x8d38,0
CUS_0x8d39,2
CUS_0x8d40,4
CUS_0x8d42,3
CUS_0x8d43,4
CUS_0x8d46,1
CUS_0x8d60,1
CUS_0x8d6b,0
CUS_0x8d72,2
CUS_0x8d74,3
CUS_0x8d84,4
CUS_0x8d90,1
CUS_0x8d95,0
CUS_0x8d9a,2
CUS_0x8d9d,0
CUS_0x8db6,1
CUS_0x8dbe,2
CUS_0x8dc4,1
CUS_0x8dc6,1
CUS_0x8de0,4
CUS_0x8df6,4
CUS_0x8e01,2
CUS_0x8e2,2
CUS_0x8e35,1
CUS_0x8e5a,1
CUS_0x8e70,1
CUS_0x8e75,3
CUS_0x8e7d,2
CUS_0x8e80,1
CUS_0x8e82,0
CUS_0x8e88,1
CUS_0x8e8b,4
CUS_0x8e93,1
CUS_0x8ea5,0
CUS_0x8ea8,0
CUS_0x8eac,1
CUS_0x8eb2,1
CUS_0x8ec8,1
CUS_0x8ecf,2
CUS_0x8ed,2
CUS_0x8ed4,2
CUS_0x8ed5,2
CUS_0x8ee2,3
CUS_0x8ee3,0
CUS_0x8efa,0
CUS_0x8f02,0
CUS_0x8f16,1
CUS_0x8f25,3
CUS_0x8f4,2
CUS_0x8f45,1
CUS_0x8f4f,4
CUS_0x8f59,1
CUS_0x8f65,0
CUS_0x8f68,4
CUS_0x8f6f,0
CUS_0x8f74,1
CUS_0x8f86,2
CUS_0x8f8c,4
CUS_0x8fa,4
CUS_0x8fa0,0
CUS_0x8fa7,2
CUS_0x8fb4,3
CUS_0x8fb8,4
CUS_0x8fcd,2
CUS_0x8fd5,0
CUS_0x8fd9,4
CUS_0x8fec,1
CUS_0x9002,2
CUS_0x902d,0
CUS_0x9038,2
CUS_0x903e,2
CUS_0x9041,0
CUS_0x905e,0
CUS_0x9066,2
CUS_0x906a,2
CUS_0x906c,1
CUS_0x9074,0
CUS_0x9087,3
CUS_0x909d,4
CUS_0x90a2,4
CUS_0x90b2,1
CUS_0x90ca,2
CUS_0x90cb,0
CUS_0x90cf,0
CUS_0x90d2,1
CUS_0x90d8,1
CUS_0x90e,0
CUS_0x90e0,0
CUS_0x90e7,4
CUS_0x9102,2
CUS_0x910a,4
CUS_0x911e,0
CUS_0x9122,2
CUS_0x9123,2
CUS_0x9127,0
CUS_0x912e,0
CUS_0x913c,2
CUS_0x913e,3
CUS_0x9148,0
CUS_0x914e,3
CUS_0x915,2
CUS_0x915a,0
CUS_0x9176,4
CUS_0x9178,4
CUS_0x9189,1
CUS_0x919a,0
CUS_0x91b2,0
CUS_0x91c8,2
CUS_0x91ca,2
CUS_0x91dd,2
CUS_0x91df,3
CUS_0x922,2
CUS_0x9226,1
CUS_0x922f,1
CUS_0x9233,4
CUS_0x924,3
CUS_0x9244,1
CUS_0x925,0
CUS_0x925c,0
CUS_0x9273,3
CUS_0x9281,1
CUS_0x9288,4
CUS_0x9296,4
CUS_0x9297,0
CUS_0x929a,2
CUS_0x929c,2
CUS_0x929d,3
CUS_0x92b9,1
CUS_0x92d2,0
CUS_0x92d5,2
CUS_0x92df,1
CUS_0x92e8,2
CUS_0x92ef,2
CUS_0x92ff,0
CUS_0x930c,1
CUS_0x9318,4
CUS_0x931c,1
CUS_0x932,3
CUS_0x9322,3
CUS_0x9330,0
CUS_0x9334,0
CUS_0x9338,2
CUS_0x933f,0
CUS_0x9344,4
CUS_0x9346,3
CUS_0x9348,2
CUS_0x9379,1
CUS_0x938,2
CUS_0x9381,1
CUS_0x9386,4
CUS_0x939,1
CUS_0x939b,1
CUS_0x93ad,3
CUS_0x93c8,4
CUS_0x93cd,0
CUS_0x93f,1
CUS_0x93ff,0
CUS_0x9403,0
CUS_0x9404,2
CUS_0x940d,2
CUS_0x9414,1
CUS_0x9415,0
CUS_0x9416,4
CUS_0x9423,4
CUS_0x942c,0
CUS_0x9442,1
CUS_0x9443,1
CUS_0x9448,3
CUS_0x944f,2
CUS_0x9469,0
CUS_0x946d,2
CUS_0x946f,3
CUS_0x947b,1
CUS_0x9485,0
CUS_0x9486,4
CUS_0x948f,0
CUS_0x9491,4
CUS_0x9493,0
CUS_0x9495,2
CUS_0x9497,4
CUS_0x949b,2
CUS_0x94a6,2
CUS_0x94ae,4
CUS_0x94d5,3
CUS_0x94dd,2
CUS_0x94e1,0
CUS_0x94e2,0
CUS_0x94e3,1
CUS_0x94e8,1
CUS_0x94ea,3
CUS_0x94ef,4
CUS_0x9501,3
CUS_0x9506,2
CUS_0x951b,1
CUS_0x9533,3
CUS_0x9534,3
CUS_0x953c,3
CUS_0x953d,0
CUS_0x955d,1
CUS_0x9562,2
CUS_0x9573,0
CUS_0x9576,1
CUS_0x957c,0
CUS_0x9586,4
CUS_0x958e,2
CUS_0x958f,2
CUS_0x959b,2
CUS_0x95a9,2
CUS_0x95b6,0
CUS_0x95ca,3
CUS_0x95d0,3
CUS_0x95e7,4
CUS_0x95ef,1
CUS_0x960f,4
CUS_0x9619,0
CUS_0x961f,2
CUS_0x962b,0
CUS_0x962f,3
CUS_0x963,2
CUS_0x9636,3
CUS_0x963e,3
CUS_0x9641,2
CUS_0x9657,1
CUS_0x9661,2
CUS_0x9674,4
CUS_0x9680,2
CUS_0x9686,0
CUS_0x968a,2
CUS_0x9692,2
CUS_0x96a2,2
CUS_0x96ad,2
CUS_0x96b4,4
CUS_0x96b5,0
CUS_0x96da,0
CUS_0x96de,1
CUS_0x96e8,1
CUS_0x96f7,0
CUS_0x96fa,0
CUS_0x9708,0
CUS_0x970b,1
CUS_0x971f,1
CUS_0x972a,2
CUS_0x972d,3
CUS_0x973e,4
CUS_0x974a,2
CUS_0x9760,2
CUS_0x976a,3
CUS_0x9772,2
CUS_0x9776,2
CUS_0x9778,0
CUS_0x978,0
CUS_0x9783,2
CUS_0x9784,0
CUS_0x979c,1
CUS_0x97a,0
CUS_0x97a0,2
CUS_0x97aa,2
CUS_0x97b0,1
CUS_0x97b5,3
CUS_0x97dc,3
CUS_0x97e1,4
CUS_0x97fc,0
CUS_0x981a,0
CUS_0x981c,1
CUS_0x9828,1
CUS_0x983b,2
CUS_0x9857,1
CUS_0x987b,4
CUS_0x9884,0
CUS_0x9886,0
CUS_0x988c,2
CUS_0x9893,1
CUS_0x98a8,2
CUS_0x98b3,2
CUS_0x98c2,0
CUS_0x98d4,3
CUS_0x98ec,4
CUS_0x9902,0
CUS_0x991d,0
CUS_0x991f,3
CUS_0x9939,1
CUS_0x993d,0
CUS_0x9944,4
CUS_0x994c,2
CUS_0x995,1
CUS_0x9962,3
CUS_0x996f,3
CUS_0x9970,2
CUS_0x9974,2
CUS_0x9979,2
CUS_0x997a,4
CUS_0x997e,1
CUS_0x9983,1
CUS_0x998f,0
CUS_0x99a,2
CUS_0x99b,1
CUS_0x99b4,3
CUS_0x99c5,1
CUS_0x99c6,2
CUS_0x99ca,3
CUS_0x99cc,1
CUS_0x99d9,1
CUS_0x99dc,4
CUS_0x99e9,0
CUS_0x99f1,0
CUS_0x9a1,1
CUS_0x9a13,3
CUS_0x9a14,0
CUS_0x9a2c,0
CUS_0x9a30,1
CUS_0x9a3c,0
CUS_0x9a4a,4
CUS_0x9a4b,2
CUS_0x9a4f,2
CUS_0x9a51,0
CUS_0x9a55,1
CUS_0x9a7,3
CUS_0x9a7a,2
CUS_0x9a84,1
CUS_0x9a86,1
CUS_0x9a8b,0
CUS_0x9a92,4
CUS_0x9a95,1
CUS_0x9aa1,2
CUS_0x9ab3,0
CUS_0x9ac5,3
CUS_0x9acb,2
CUS_0x9ad1,2
CUS_0x9adc,1
CUS_0x9ae3,2
CUS_0x9ae4,0
CUS_0x9b20,4
CUS_0x9b22,0
CUS_0x9b27,2
CUS_0x9b30,4
CUS_0x9b37,2
CUS_0x9b4b,3
CUS_0x9b4f,0
CUS_0x9b60,2
CUS_0x9b6b,0
CUS_0x9b7d,1
CUS_0x9bb0,2
CUS_0x9bb9,3
CUS_0x9bbd,0
CUS_0x9bf4,2
CUS_0x9bf5,2
CUS_0x9c0,3
CUS_0x9c14,4
CUS_0x9c22,1
CUS_0x9c2e,4
CUS_0x9c34,4
CUS_0x9c4,1
CUS_0x9c49,2
CUS_0x9c55,1
CUS_0x9c5b,1
CUS_0x9c66,2
CUS_0x9c67,2
CUS_0x9c71,1
CUS_0x9c79,0
CUS_0x9c96,4
CUS_0x9ca,0
CUS_0x9cab,1
CUS_0x9caf,3
CUS_0x9cc,0
CUS_0x9cc3,1
CUS_0x9cc4,2
CUS_0x9ccf,2
CUS_0x9cd7,1
CUS_0x9cdf,1
CUS_0x9ce9,0
CUS_0x9d04,0
CUS_0x9d09,2
CUS_0x9d0a,2
CUS_0x9d0b,2
CUS_0x9d10,3
CUS_0x9d32,4
CUS_0x9d62,0
CUS_0x9d64,2
CUS_0x9d6b,2
CUS_0x9d72,2
CUS_0x9d73,4
CUS_0x9d77,4
CUS_0x9d7d,0
CUS_0x9d86,3
CUS_0x9d91,4
CUS_0x9da0,4
CUS_0x9daa,3
CUS_0x9dbc,1
CUS_0x9dc1,4
CUS_0x9dc3,0
CUS_0x9de2,2
CUS_0x9df6,1
CUS_0x9df8,0
CUS_0x9dfd,3
CUS_0x9e0,2
CUS_0x9e09,2
CUS_0x9e1e,4
CUS_0x9e39,1
CUS_0x9e3c,1
CUS_0x9e41,4
CUS_0x9e42,3
CUS_0x9e48,4
CUS_0x9e5b,2
CUS_0x9e5f,4
CUS_0x9e67,2
CUS_0x9e6c,2
CUS_0x9e76,2
CUS_0x9e7e,3
CUS_0x9e80,3
CUS_0x9e8c,0
CUS_0x9e8d,4
CUS_0x9e9d,1
CUS_0x9ea,0
CUS_0x9ead,0
CUS_0x9ebf,3
CUS_0x9ec2,3
CUS_0x9ec7,0
CUS_0x9ed1,0
CUS_0x9ed4,0
CUS_0x9ed8,0
CUS_0x9ee4,0
CUS_0x9ee5,2
CUS_0x9eec,3
CUS_0x9f1f,3
CUS_0x9f40,3
CUS_0x9f43,2
CUS_0x9f59,0
CUS_0x9f5c,1
CUS_0x9f5d,4
CUS_0x9f67,0
CUS_0x9f69,3
CUS_0x9f77,0
CUS_0x9f7a,3
CUS_0x9f80,3
CUS_0x9fa9,0
CUS_0x9fb1,0
CUS_0x9fcc,3
CUS_0x9fcf,4
CUS_0x9fd2,0
CUS_0x9fd7,4
CUS_0x9fd8,2
CUS_0x9fdc,0
CUS_0x9ff4,1
CUS_0x9ffa,3
CUS_0xa011,2
CUS_0xa014,3
CUS_0xa01f,1
CUS_0xa024,3
CUS_0xa037,3
CUS_0xa049,0
CUS_0xa04d,4
CUS_0xa04f,0
CUS_0xa053,3
CUS_0xa055,0
CUS_0xa058,2
CUS_0xa05d,3
CUS_0xa06,2
CUS_0xa061,3
CUS_0xa075,1
CUS_0xa080,4
CUS_0xa082,2
CUS_0xa090,4
CUS_0xa092,3
CUS_0xa0b6,2
CUS_0xa0be,1
CUS_0xa0c3,0
CUS_0xa0d,0
CUS_0xa0dc,0
CUS_0xa0f4,0
CUS_0xa106,0
CUS_0xa116,4
CUS_0xa11d,2
CUS_0xa122,2
CUS_0xa125,1
CUS_0xa146,1
CUS_0xa156,1
CUS_0xa16e,1
CUS_0xa187,0
CUS_0xa19,1
CUS_0xa1aa,1
CUS_0xa1ab,4
CUS_0xa1b,3
CUS_0xa1bb,2
CUS_0xa1bd,2
CUS_0xa1be,4
CUS_0xa1c1,4
CUS_0xa1c3,3
CUS_0xa1cb,3
CUS_0xa1de,2
CUS_0xa1ec,3
CUS_0xa203,1
CUS_0xa20d,0
CUS_0xa213,1
CUS_0xa21c,4
CUS_0xa22b,3
CUS_0xa230,2
CUS_0xa235,0
CUS_0xa23e,0
CUS_0xa255,2
CUS_0xa25a,1
CUS_0xa26,0
CUS_0xa261,2
CUS_0xa26b,0
CUS_0xa279,1
CUS_0xa27a,2
CUS_0xa287,3
CUS_0xa293,2
CUS_0xa295,1
CUS_0xa299,3
CUS_0xa2a2,0
CUS_0xa2a3,4
CUS_0xa2ac,1
CUS_0xa2af,4
CUS_0xa2b,2
CUS_0xa2b0,0
CUS_0xa2cb,4
CUS_0xa2d7,4
CUS_0xa2db,1
CUS_0xa2ee,4
CUS_0xa2f0,2
CUS_0xa2f5,2
CUS_0xa2fd,2
CUS_0xa303,1
CUS_0xa306,3
CUS_0xa31,0
CUS_0xa323,2
CUS_0xa335,1
CUS_0xa34d,0
CUS_0xa362,2
CUS_0xa37f,2
CUS_0xa384,0
CUS_0xa39,3
CUS_0xa396,1
CUS_0xa3b4,1
CUS_0xa3b8,0
CUS_0xa3c,4
CUS_0xa3db,1
CUS_0xa3e4,0
CUS_0xa3f5,3
CUS_0xa401,3
CUS_0xa408,0
CUS_0xa40d,2
CUS_0xa414,0
CUS_0xa41e,1
CUS_0xa41f,3
CUS_0xa421,1
CUS_0xa423,3
CUS_0xa42a,1
CUS_0xa42f,0
CUS_0xa442,1
CUS_0xa447,4
CUS_0xa453,3
CUS_0xa455,3
CUS_0xa459,1
CUS_0xa463,3
CUS_0xa46c,0
CUS_0xa47c,1
CUS_0xa499,2
CUS_0xa4a5,1
CUS_0xa4ac,0
CUS_0xa4b6,1
CUS_0xa4b7,3
CUS_0xa4bd,1
CUS_0xa4c3,1
CUS_0xa4c6,2
CUS_0xa4db,2
CUS_0xa4dc,1
CUS_0xa4e9,1
CUS_0xa4f5,4
CUS_0xa50e,3
CUS_0xa520,0
CUS_0xa525,0
CUS_0xa52e,4
CUS_0xa53,0
CUS_0xa567,1
CUS_0xa56d,0
CUS_0xa57,1
CUS_0xa570,2
CUS_0xa57b,1
CUS_0xa5a1,1
CUS_0xa5a4,3
CUS_0xa5ac,2
CUS_0xa5b4,0
CUS_0xa5ba,4
CUS_0xa5c2,0
CUS_0xa5e0,2
CUS_0xa5e6,2
CUS_0xa610,1
CUS_0xa618,3
CUS_0xa61a,1
CUS_0xa648,1
CUS_0xa64d,1
CUS_0xa65,1
CUS_0xa650,2
CUS_0xa65f,2
CUS_0xa66,0
CUS_0xa660,1
CUS_0xa666,0
CUS_0xa66b,2
CUS_0xa66c,3
CUS_0xa66d,1
CUS_0xa672,4
CUS_0xa67d,4
CUS_0xa68a,1
CUS_0xa69,1
CUS_0xa693,2
CUS_0xa696,1
CUS_0xa69e,1
CUS_0xa6d5,1
CUS_0xa6db,1
CUS_0xa6df,2
CUS_0xa6e,2
CUS_0xa6e4,1
CUS_0xa6e7,3
CUS_0xa6e8,0
CUS_0xa6f4,3
CUS_0xa6f9,1
CUS_0xa70c,0
CUS_0xa70f,1
CUS_0xa714,2
CUS_0xa729,4
CUS_0xa736,3
CUS_0xa73b,0
CUS_0xa75c,0
CUS_0xa766,2
CUS_0xa774,2
CUS_0xa776,0
CUS_0xa789,4
CUS_0xa7ab,2
CUS_0xa7be,0
CUS_0xa7d0,2
CUS_0xa7d4,3
CUS_0xa7d5,1
CUS_0xa7d7,0
CUS_0xa7e1,0
CUS_0xa7ea,1
CUS_0xa7f3,2
CUS_0xa806,1
CUS_0xa833,3
CUS_0xa83c,1
CUS_0xa84d,3
CUS_0xa857,2
CUS_0xa86a,2
CUS_0xa86b,0
CUS_0xa872,0
CUS_0xa88,0
CUS_0xa8a,4
CUS_0xa8ab,4
CUS_0xa8b1,0
CUS_0xa8c0,2
CUS_0xa8c6,2
CUS_0xa8ce,4
CUS_0xa8d4,1
CUS_0xa8e7,1
CUS_0xa8ec,0
CUS_0xa8ed,1
CUS_0xa90c,2
CUS_0xa90d,1
CUS_0xa918,1
CUS_0xa934,2
CUS_0xa94f,0
CUS_0xa955,0
CUS_0xa95d,0
CUS_0xa961,1
CUS_0xa962,1
CUS_0xa96d,0
CUS_0xa974,2
CUS_0xa987,2
CUS_0xa98a,2
CUS_0xa9a2,1
CUS_0xa9a6,2
CUS_0xa9a8,1
CUS_0xa9b,0
CUS_0xa9c1,2
CUS_0xa9cc,1
CUS_0xa9e,1
CUS_0xa9e3,1
CUS_0xa9e7,1
CUS_0xa9f,2
CUS_0xaa0b,2
CUS_0xaa0c,0
CUS_0xaa14,2
CUS_0xaa15,0
CUS_0xaa3a,3
CUS_0xaa3b,2
CUS_0xaa5,1
CUS_0xaa52,0
CUS_0xaa53,0
CUS_0xaa5b,0
CUS_0xaa62,1
CUS_0xaa66,4
CUS_0xaa68,0
CUS_0xaa83,0
CUS_0xaa8c,2
CUS_0xaa93,1
CUS_0xaaae,2
CUS_0xaac2,2
CUS_0xaad7,2
CUS_0xab0e,3
CUS_0xab13,0
CUS_0xab16,0
CUS_0xab1c,1
CUS_0xab1f,1
CUS_0xab2,0
CUS_0xab2f,2
CUS_0xab32,1
CUS_0xab35,0
CUS_0xab3a,0
CUS_0xab43,4
CUS_0xab56,0
CUS_0xab5f,0
CUS_0xab6e,1
CUS_0xab7b,4
CUS_0xab9,2
CUS_0xab9d,1
CUS_0xaba4,3
CUS_0xabd5,1
CUS_0xabd8,1
CUS_0xabd9,0
CUS_0xabe7,1
CUS_0xabf2,4
CUS_0xabf9,1
CUS_0xabff,0
CUS_0xac05,2
CUS_0xac08,1
CUS_0xac1,2
CUS_0xac16,4
CUS_0xac18,2
CUS_0xac19,1
CUS_0xac20,2
CUS_0xac28,2
CUS_0xac33,4
CUS_0xac3b,0
CUS_0xac3f,1
CUS_0xac4a,2
CUS_0xac54,2
CUS_0xac56,3
CUS_0xac59,2
CUS_0xac60,3
CUS_0xac67,1
CUS_0xac7b,0
CUS_0xac7d,1
CUS_0xac83,1
CUS_0xac95,0
CUS_0xaca6,3
CUS_0xaca7,1
CUS_0xacab,2
CUS_0xacaf,2
CUS_0xacb2,1
CUS_0xacc6,2
CUS_0xacca,4
CUS_0xacd,3
CUS_0xacd6,3
CUS_0xacd7,4
CUS_0xace2,1
CUS_0xacf,3
CUS_0xacf7,3
CUS_0xad12,1
CUS_0xad1e,1
CUS_0xad2,2
CUS_0xad2c,1
CUS_0xad30,1
CUS_0xad38,1
CUS_0xad4f,2
CUS_0xad50,1
CUS_0xad53,2
CUS_0xad55,2
CUS_0xad6d,2
CUS_0xad75,1
CUS_0xad87,4
CUS_0xad90,2
CUS_0xadab,3
CUS_0xadb2,2
CUS_0xadb5,2
CUS_0xadbe,1
CUS_0xadcd,1
CUS_0xadd5,2
CUS_0xadeb,1
CUS_0xadf0,3
CUS_0xadf2,0
CUS_0xadf5,2
CUS_0xae0a,0
CUS_0xae14,1
CUS_0xae17,2
CUS_0xae30,3
CUS_0xae4,2
CUS_0xae42,3
CUS_0xae47,2
CUS_0xae4b,2
CUS_0xae51,0
CUS_0xae52,4
CUS_0xae57,4
CUS_0xae58,4
CUS_0xae62,2
CUS_0xae66,0
CUS_0xae6c,4
CUS_0xae7c,1
CUS_0xae89,2
CUS_0xae92,2
CUS_0xae93,1
CUS_0xae96,1
CUS_0xae9e,4
CUS_0xaea1,1
CUS_0xaea6,1
CUS_0xaea7,1
CUS_0xaeb8,0
CUS_0xaebc,0
CUS_0xaeda,1
CUS_0xaeec,1
CUS_0xaef8,0
CUS_0xaf0a,0
CUS_0xaf14,1
CUS_0xaf16,4
CUS_0xaf18,1
CUS_0xaf23,1
CUS_0xaf2a,4
CUS_0xaf3,0
CUS_0xaf3a,1
CUS_0xaf49,0
CUS_0xaf4a,0
CUS_0xaf6,1
CUS_0xaf63,2
CUS_0xaf75,2
CUS_0xaf7d,3
CUS_0xaf95,4
CUS_0xaf99,1
CUS_0xaf9c,3
CUS_0xafa3,0
CUS_0xafbb,2
CUS_0xafd1,1
CUS_0xafd5,2
CUS_0xafda,1
CUS_0xafdf,3
CUS_0xafed,0
CUS_0xaff2,2
CUS_0xaff8,3
CUS_0xb00,0
CUS_0xb000,2
CUS_0xb001,3
CUS_0xb00e,1
CUS_0xb017,1
CUS_0xb01a,4
CUS_0xb023,1
CUS_0xb024,1
CUS_0xb030,2
CUS_0xb031,1
CUS_0xb035,0
CUS_0xb039,2
CUS_0xb047,1
CUS_0xb04e,1
CUS_0xb05a,3
CUS_0xb05b,0
CUS_0xb05d,3
CUS_0xb066,4
CUS_0xb06e,1
CUS_0xb07d,0
CUS_0xb085,1
CUS_0xb09,0
CUS_0xb096,2
CUS_0xb0b7,0
CUS_0xb0ce,3
CUS_0xb0d3,0
CUS_0xb0e5,2
CUS_0xb108,4
CUS_0xb11c,1
CUS_0xb125,2
CUS_0xb127,0
CUS_0xb13d,2
CUS_0xb144,0
CUS_0xb14d,0
CUS_0xb14f,2
CUS_0xb152,4
CUS_0xb153,1
CUS_0xb15d,1
CUS_0xb16c,2
CUS_0xb171,1
CUS_0xb173,4
CUS_0xb17e,0
CUS_0xb182,0
CUS_0xb187,0
CUS_0xb196,3
CUS_0xb1c2,3
CUS_0xb1c4,4
CUS_0xb1d2,2
CUS_0xb1d8,2
CUS_0xb1e8,2
CUS_0xb1f6,3
CUS_0xb1f8,3
CUS_0xb201,2
CUS_0xb209,2
CUS_0xb220,2
CUS_0xb227,2
CUS_0xb229,3
CUS_0xb239,0
CUS_0xb23c,0
CUS_0xb240,0
CUS_0xb264,0
CUS_0xb282,3
CUS_0xb288,0
CUS_0xb28a,2
CUS_0xb293,0
CUS_0xb2a1,2
CUS_0xb2a9,0
CUS_0xb2bd,1
CUS_0xb2bf,1
CUS_0xb2d2,2
CUS_0xb2e,1
CUS_0xb2f6,1
CUS_0xb303,1
CUS_0xb340,1
CUS_0xb350,4
CUS_0xb362,2
CUS_0xb374,0
CUS_0xb37a,0
CUS_0xb37c,0
CUS_0xb387,0
CUS_0xb38b,2
CUS_0xb395,3
CUS_0xb3b0,0
CUS_0xb3b3,0
CUS_0xb3c4,1
CUS_0xb3cd,4
CUS_0xb3e,4
CUS_0xb3f2,2
CUS_0xb3fe,2
CUS_0xb40d,4
CUS_0xb424,1
CUS_0xb426,1
CUS_0xb433,4
CUS_0xb437,0
CUS_0xb446,2
CUS_0xb453,0
CUS_0xb461,0
CUS_0xb481,4
CUS_0xb483,1
CUS_0xb49,3
CUS_0xb499,1
CUS_0xb4a,2
CUS_0xb4b7,1
CUS_0xb4c4,0
CUS_0xb4c5,2
CUS_0xb4c9,4
CUS_0xb4cb,0
CUS_0xb4cc,0
CUS_0xb4e2,0
CUS_0xb4ee,4
CUS_0xb517,3
CUS_0xb51c,1
CUS_0xb52b,1
CUS_0xb548,2
CUS_0xb551,1
CUS_0xb560,2
CUS_0xb565,1
CUS_0xb56c,0
CUS_0xb57,2
CUS_0xb575,0
CUS_0xb583,3
CUS_0xb585,1
CUS_0xb594,4
CUS_0xb59e,0
CUS_0xb5bb,4
CUS_0xb5bd,4
CUS_0xb5c0,0
CUS_0xb5c3,2
CUS_0xb5c5,0
CUS_0xb5c6,2
CUS_0xb5c9,4
CUS_0xb5d4,0
CUS_0xb5e2,1
CUS_0xb5e3,2
CUS_0xb5e4,0
CUS_0xb5ea,1
CUS_0xb602,1
CUS_0xb615,2
CUS_0xb61d,0
CUS_0xb62c,2
CUS_0xb631,3
CUS_0xb634,1
CUS_0xb637,0
CUS_0xb645,2
CUS_0xb646,1
CUS_0xb647,1
CUS_0xb648,2
CUS_0xb653,0
CUS_0xb66c,0
CUS_0xb675,4
CUS_0xb67c,0
CUS_0xb681,4
CUS_0xb685,1
CUS_0xb689,2
CUS_0xb68f,4
CUS_0xb699,1
CUS_0xb6a5,3
CUS_0xb6ad,1
CUS_0xb6ae,2
CUS_0xb6b,0
CUS_0xb6be,1
CUS_0xb6d0,2
CUS_0xb6d2,4
CUS_0xb6e6,0
CUS_0xb6eb,1
CUS_0xb6ef,2
CUS_0xb70f,0
CUS_0xb71e,2
CUS_0xb725,1
CUS_0xb728,1
CUS_0xb732,2
CUS_0xb741,0
CUS_0xb76d,0
CUS_0xb787,1
CUS_0xb793,1
CUS_0xb794,0
CUS_0xb798,0
CUS_0xb79c,2
CUS_0xb7a1,1
CUS_0xb7a4,2
CUS_0xb7a5,0
CUS_0xb7c,4
CUS_0xb7c3,3
CUS_0xb7c4,4
CUS_0xb7ca,1
CUS_0xb7d4,3
CUS_0xb7e,4
CUS_0xb7e2,0
CUS_0xb7ea,1
CUS_0xb7fa,1
CUS_0xb7fb,4
CUS_0xb80a,1
CUS_0xb80c,2
CUS_0xb814,2
CUS_0xb81c,4
CUS_0xb82,4
CUS_0xb820,1
CUS_0xb825,2
CUS_0xb82a,1
CUS_0xb82b,2
CUS_0xb832,4
CUS_0xb858,2
CUS_0xb85c,1
CUS_0xb861,1
CUS_0xb863,2
CUS_0xb873,1
CUS_0xb875,0
CUS_0xb87a,0
CUS_0xb882,1
CUS_0xb884,2
CUS_0xb888,1
CUS_0xb89c,0
CUS_0xb8a1,3
CUS_0xb8be,1
CUS_0xb8d3,2
CUS_0xb8d4,3
CUS_0xb8e9,0
CUS_0xb8f6,0
CUS_0xb904,1
CUS_0xb907,1
CUS_0xb915,0
CUS_0xb91a,3
CUS_0xb932,4
CUS_0xb93e,2
CUS_0xb948,2
CUS_0xb949,0
CUS_0xb959,3
CUS_0xb95f,1
CUS_0xb96b,0
CUS_0xb97,1
CUS_0xb971,0
CUS_0xb98,2
CUS_0xb98f,3
CUS_0xb99e,1
CUS_0xb9ae,0
CUS_0xb9c5,2
CUS_0xb9c7,4
CUS_0xb9cd,2
CUS_0xb9d,2
CUS_0xb9e5,1
CUS_0xb9e6,1
CUS_0xb9ea,4
CUS_0xba0b,0
CUS_0xba1c,1
CUS_0xba21,2
CUS_0xba2a,3
CUS_0xba51,3
CUS_0xba52,0
CUS_0xba67,1
CUS_0xba90,0
CUS_0xba97,2
CUS_0xba9d,4
CUS_0xbaa6,1
CUS_0xbaa8,3
CUS_0xbaab,2
CUS_0xbab1,0
CUS_0xbabc,4
CUS_0xbac3,3
CUS_0xbace,2
CUS_0xbae3,2
CUS_0xbaea,3
CUS_0xbafb,4
CUS_0xbb18,4
CUS_0xbb2,3
CUS_0xbb30,2
CUS_0xbb4a,0
CUS_0xbb4e,4
CUS_0xbb53,1
CUS_0xbb5a,4
CUS_0xbb6c,4
CUS_0xbb7,4
CUS_0xbb75,0
CUS_0xbb79,0
CUS_0xbb82,2
CUS_0xbb85,2
CUS_0xbb88,3
CUS_0xbb94,1
CUS_0xbba7,2
CUS_0xbbaa,2
CUS_0xbbc6,0
CUS_0xbbd3,4
CUS_0xbbd8,2
CUS_0xbbf3,0
CUS_0xbc06,1
CUS_0xbc17,1
CUS_0xbc1c,4
CUS_0xbc23,2
CUS_0xbc38,0
CUS_0xbc49,1
CUS_0xbc4b,0
CUS_0xbc51,0
CUS_0xbc71,0
CUS_0xbc74,1
CUS_0xbc79,1
CUS_0xbc99,1
CUS_0xbc9e,1
CUS_0xbca1,1
CUS_0xbca3,1
CUS_0xbcb2,4
CUS_0xbcbc,2
CUS_0xbcc9,1
CUS_0xbcca,2
CUS_0xbccb,0
CUS_0xbccf,1
CUS_0xbcdd,2
CUS_0xbcdf,0
CUS_0xbce0,0
CUS_0xbcf0,2
CUS_0xbcfa,4
CUS_0xbcfe,2
CUS_0xbd07,3
CUS_0xbd23,2
CUS_0xbd37,0
CUS_0xbd4,3
CUS_0xbd46,0
CUS_0xbd54,1
CUS_0xbd72,2
CUS_0xbd75,2
CUS_0xbd7c,2
CUS_0xbda3,1
CUS_0xbded,0
CUS_0xbe00,3
CUS_0xbe1d,2
CUS_0xbe22,2
CUS_0xbe26,1
CUS_0xbe29,0
CUS_0xbe32,2
CUS_0xbe55,4
CUS_0xbe56,0
CUS_0xbe62,1
CUS_0xbe6f,1
CUS_0xbe9d,0
CUS_0xbeb8,1
CUS_0xbeca,3
CUS_0xbecb,4
CUS_0xbef3,4
CUS_0xbef7,4
CUS_0xbef8,0
CUS_0xbf01,1
CUS_0xbf03,3
CUS_0xbf07,4
CUS_0xbf09,0
CUS_0xbf1d,2
CUS_0xbf1e,3
CUS_0xbf3a,3
CUS_0xbf40,2
CUS_0xbf53,0
CUS_0xbf55,1
CUS_0xbf5c,1
CUS_0xbf60,4
CUS_0xbf6b,1
CUS_0xbf99,2
CUS_0xbf9a,1
CUS_0xbfa9,4
CUS_0xbfb6,1
CUS_0xbfd0,0
CUS_0xbfd2,1
CUS_0xbfd5,0
CUS_0xbfe0,4
CUS_0xbfed,2
CUS_0xbff8,4
CUS_0xbffe,2
CUS_0xc00a,1
CUS_0xc00f,1
CUS_0xc016,3
CUS_0xc029,1
CUS_0xc02d,3
CUS_0xc03a,3
CUS_0xc04f,2
CUS_0xc065,0
CUS_0xc066,2
CUS_0xc072,1
CUS_0xc081,2
CUS_0xc0af,1
CUS_0xc0b3,1
CUS_0xc0b7,0
CUS_0xc0c7,0
CUS_0xc0d7,1
CUS_0xc0e2,1
CUS_0xc0f3,0
CUS_0xc0f8,3
CUS_0xc113,2
CUS_0xc122,0
CUS_0xc127,0
CUS_0xc13,2
CUS_0xc131,1
CUS_0xc140,2
CUS_0xc142,1
CUS_0xc143,2
CUS_0xc163,0
CUS_0xc173,1
CUS_0xc187,1
CUS_0xc18b,2
CUS_0xc18e,3
CUS_0xc18f,3
CUS_0xc19f,4
CUS_0xc1a7,1
CUS_0xc1b3,2
CUS_0xc1bb,3
CUS_0xc1bf,1
CUS_0xc1d9,0
CUS_0xc1db,1
CUS_0xc1dc,2
CUS_0xc203,4
CUS_0xc216,1
CUS_0xc22f,2
CUS_0xc27,0
CUS_0xc272,1
CUS_0xc283,1
CUS_0xc288,2
CUS_0xc299,4
CUS_0xc29b,4
CUS_0xc2a1,1
CUS_0xc2aa,2
CUS_0xc2b5,1
CUS_0xc2b7,4
CUS_0xc2c0,1
CUS_0xc2c5,4
CUS_0xc2cb,0
CUS_0xc2da,2
CUS_0xc2e8,2
CUS_0xc2ee,2
CUS_0xc301,0
CUS_0xc305,0
CUS_0xc30f,3
CUS_0xc31c,0
CUS_0xc323,4
CUS_0xc331,4
CUS_0xc349,1
CUS_0xc34a,1
CUS_0xc351,1
CUS_0xc356,4
CUS_0xc365,2
CUS_0xc38f,1
CUS_0xc390,2
CUS_0xc39e,2
CUS_0xc3b7,1
CUS_0xc3b8,1
CUS_0xc3c3,0
CUS_0xc3ce,0
CUS_0xc3d6,1
CUS_0xc3e4,0
CUS_0xc3f1,2
CUS_0xc41e,4
CUS_0xc42f,4
CUS_0xc436,1
CUS_0xc459,2
CUS_0xc48a,2
CUS_0xc490,0
CUS_0xc492,0
CUS_0xc497,1
CUS_0xc4a7,0
CUS_0xc4ac,3
CUS_0xc4ad,1
CUS_0xc4b0,2
CUS_0xc4c3,2
CUS_0xc4c7,3
CUS_0xc4dd,1
CUS_0xc4e2,1
CUS_0xc4ee,0
CUS_0xc4f,2
CUS_0xc4f2,2
CUS_0xc4f4,3
CUS_0xc4f9,3
CUS_0xc51,2
CUS_0xc513,4
CUS_0xc515,4
CUS_0xc516,3
CUS_0xc517,1
CUS_0xc524,2
CUS_0xc52a,4
CUS_0xc548,4
CUS_0xc555,2
CUS_0xc55b,1
CUS_0xc56b,1
CUS_0xc57e,3
CUS_0xc592,2
CUS_0xc594,3
CUS_0xc59f,2
CUS_0xc5c9,2
CUS_0xc5cc,4
CUS_0xc5d5,1
CUS_0xc5ea,0
CUS_0xc5f9,2
CUS_0xc5fd,0
CUS_0xc60e,0
CUS_0xc610,2
CUS_0xc617,0
CUS_0xc61e,2
CUS_0xc633,1
CUS_0xc63a,0
CUS_0xc63b,2
CUS_0xc641,4
CUS_0xc648,2
CUS_0xc65a,0
CUS_0xc662,2
CUS_0xc675,1
CUS_0xc67b,1
CUS_0xc683,1
CUS_0xc692,4
CUS_0xc6ac,2
CUS_0xc6ba,1
CUS_0xc6be,0
CUS_0xc6c3,4
CUS_0xc6cc,1
CUS_0xc6dd,2
CUS_0xc6e,0
CUS_0xc6e4,1
CUS_0xc6f2,3
CUS_0xc70b,1
CUS_0xc70d,1
CUS_0xc715,4
CUS_0xc719,1
CUS_0xc71a,2
CUS_0xc71f,2
CUS_0xc727,3
CUS_0xc728,1
CUS_0xc72e,1
CUS_0xc730,1
CUS_0xc734,1
CUS_0xc88,1
CUS_0xc90,3
CUS_0xc9f,1
CUS_0xcad,2
CUS_0xcb3,1
CUS_0xcc2,1
CUS_0xcc4,3
CUS_0xccc,0
CUS_0xce6,2
CUS_0xcf5,3
CUS_0xd33,1
CUS_0xd35,1
CUS_0xd46,0
CUS_0xd4d,2
CUS_0xd51,2
CUS_0xd66,0
CUS_0xd6f,0
CUS_0xd70,0
CUS_0xd71,3
CUS_0xd91,0
CUS_0xd97,2
CUS_0xda6,2
CUS_0xdb0,3
CUS_0xdba,1
CUS_0xdc0,0
CUS_0xdc2,4
CUS_0xdcc,2
CUS_0xdd9,3
CUS_0xdda,1
CUS_0xddf,0
CUS_0xde2,0
CUS_0xdea,2
CUS_0xdfd,4
CUS_0xe09,0
CUS_0xe10,3
CUS_0xe16,4
CUS_0xe2a,3
CUS_0xe2b,4
CUS_0xe34,0
CUS_0xe36,4
CUS_0xe51,3
CUS_0xe64,2
CUS_0xe6c,3
CUS_0xe75,0
CUS_0xe99,2
CUS_0xea5,0
CUS_0xeb0,1
CUS_0xebe,2
CUS_0xec8,2
CUS_0xed3,1
CUS_0xed4,2
CUS_0xeda,1
CUS_0xedb,1
CUS_0xedd,0
CUS_0xee1,1
CUS_0xee6,2
CUS_0xf01,0
CUS_0xf16,0
CUS_0xf19,3
CUS_0xf2e,4
CUS_0xf42,1
CUS_0xf43,1
CUS_0xf45,1
CUS_0xf4b,0
CUS_0xf55,1
CUS_0xf58,2
CUS_0xf59,0
CUS_0xf5d,1
CUS_0xf70,2
CUS_0xf84,2
CUS_0xf95,4
CUS_0xfc9,1
CUS_0xfcb,1
CUS_0xfd1,2
CUS_0xfe3,2
CUS_0xfe5,2
CUS_0xffc,1
CUS_0xffd,2
